id,detail_url
98801,https://gopy.danang.gov.vn/gop-y?pageid=view&ykien=98801
98795,https://gopy.danang.gov.vn/gop-y?pageid=view&ykien=98795
98356,https://gopy.danang.gov.vn/gop-y?pageid=view&ykien=98356
98160,https://gopy.danang.gov.vn/gop-y?pageid=view&ykien=98160
98133,https://gopy.danang.gov.vn/gop-y?pageid=view&ykien=98133
98106,https://gopy.danang.gov.vn/gop-y?pageid=view&ykien=98106
98091,https://gopy.danang.gov.vn/gop-y?pageid=view&ykien=98091
98026,https://gopy.danang.gov.vn/gop-y?pageid=view&ykien=98026
98010,https://gopy.danang.gov.vn/gop-y?pageid=view&ykien=98010
97975,https://gopy.danang.gov.vn/gop-y?pageid=view&ykien=97975
97956,https://gopy.danang.gov.vn/gop-y?pageid=view&ykien=97956
97942,https://gopy.danang.gov.vn/gop-y?pageid=view&ykien=97942
97928,https://gopy.danang.gov.vn/gop-y?pageid=view&ykien=97928
97885,https://gopy.danang.gov.vn/gop-y?pageid=view&ykien=97885
97863,https://gopy.danang.gov.vn/gop-y?pageid=view&ykien=97863
97828,https://gopy.danang.gov.vn/gop-y?pageid=view&ykien=97828
97818,https://gopy.danang.gov.vn/gop-y?pageid=view&ykien=97818
97722,https://gopy.danang.gov.vn/gop-y?pageid=view&ykien=97722
97719,https://gopy.danang.gov.vn/gop-y?pageid=view&ykien=97719
97718,https://gopy.danang.gov.vn/gop-y?pageid=view&ykien=97718
97691,https://gopy.danang.gov.vn/gop-y?pageid=view&ykien=97691
97684,https://gopy.danang.gov.vn/gop-y?pageid=view&ykien=97684
97680,https://gopy.danang.gov.vn/gop-y?pageid=view&ykien=97680
97665,https://gopy.danang.gov.vn/gop-y?pageid=view&ykien=97665
97658,https://gopy.danang.gov.vn/gop-y?pageid=view&ykien=97658
97653,https://gopy.danang.gov.vn/gop-y?pageid=view&ykien=97653
97645,https://gopy.danang.gov.vn/gop-y?pageid=view&ykien=97645
97625,https://gopy.danang.gov.vn/gop-y?pageid=view&ykien=97625
97618,https://gopy.danang.gov.vn/gop-y?pageid=view&ykien=97618
97598,https://gopy.danang.gov.vn/gop-y?pageid=view&ykien=97598
97576,https://gopy.danang.gov.vn/gop-y?pageid=view&ykien=97576
97531,https://gopy.danang.gov.vn/gop-y?pageid=view&ykien=97531
97460,https://gopy.danang.gov.vn/gop-y?pageid=view&ykien=97460
97451,https://gopy.danang.gov.vn/gop-y?pageid=view&ykien=97451
97399,https://gopy.danang.gov.vn/gop-y?pageid=view&ykien=97399
97376,https://gopy.danang.gov.vn/gop-y?pageid=view&ykien=97376
97374,https://gopy.danang.gov.vn/gop-y?pageid=view&ykien=97374
97336,https://gopy.danang.gov.vn/gop-y?pageid=view&ykien=97336
97329,https://gopy.danang.gov.vn/gop-y?pageid=view&ykien=97329
97323,https://gopy.danang.gov.vn/gop-y?pageid=view&ykien=97323
97271,https://gopy.danang.gov.vn/gop-y?pageid=view&ykien=97271
97268,https://gopy.danang.gov.vn/gop-y?pageid=view&ykien=97268
97264,https://gopy.danang.gov.vn/gop-y?pageid=view&ykien=97264
97252,https://gopy.danang.gov.vn/gop-y?pageid=view&ykien=97252
97207,https://gopy.danang.gov.vn/gop-y?pageid=view&ykien=97207
97202,https://gopy.danang.gov.vn/gop-y?pageid=view&ykien=97202
97196,https://gopy.danang.gov.vn/gop-y?pageid=view&ykien=97196
97195,https://gopy.danang.gov.vn/gop-y?pageid=view&ykien=97195
97190,https://gopy.danang.gov.vn/gop-y?pageid=view&ykien=97190
97096,https://gopy.danang.gov.vn/gop-y?pageid=view&ykien=97096
97081,https://gopy.danang.gov.vn/gop-y?pageid=view&ykien=97081
97073,https://gopy.danang.gov.vn/gop-y?pageid=view&ykien=97073
97035,https://gopy.danang.gov.vn/gop-y?pageid=view&ykien=97035
97011,https://gopy.danang.gov.vn/gop-y?pageid=view&ykien=97011
96994,https://gopy.danang.gov.vn/gop-y?pageid=view&ykien=96994
96964,https://gopy.danang.gov.vn/gop-y?pageid=view&ykien=96964
96936,https://gopy.danang.gov.vn/gop-y?pageid=view&ykien=96936
96921,https://gopy.danang.gov.vn/gop-y?pageid=view&ykien=96921
96919,https://gopy.danang.gov.vn/gop-y?pageid=view&ykien=96919
96861,https://gopy.danang.gov.vn/gop-y?pageid=view&ykien=96861
96837,https://gopy.danang.gov.vn/gop-y?pageid=view&ykien=96837
96833,https://gopy.danang.gov.vn/gop-y?pageid=view&ykien=96833
96831,https://gopy.danang.gov.vn/gop-y?pageid=view&ykien=96831
96814,https://gopy.danang.gov.vn/gop-y?pageid=view&ykien=96814
96778,https://gopy.danang.gov.vn/gop-y?pageid=view&ykien=96778
96770,https://gopy.danang.gov.vn/gop-y?pageid=view&ykien=96770
96757,https://gopy.danang.gov.vn/gop-y?pageid=view&ykien=96757
96753,https://gopy.danang.gov.vn/gop-y?pageid=view&ykien=96753
96743,https://gopy.danang.gov.vn/gop-y?pageid=view&ykien=96743
96732,https://gopy.danang.gov.vn/gop-y?pageid=view&ykien=96732
96715,https://gopy.danang.gov.vn/gop-y?pageid=view&ykien=96715
96702,https://gopy.danang.gov.vn/gop-y?pageid=view&ykien=96702
96691,https://gopy.danang.gov.vn/gop-y?pageid=view&ykien=96691
96652,https://gopy.danang.gov.vn/gop-y?pageid=view&ykien=96652
96598,https://gopy.danang.gov.vn/gop-y?pageid=view&ykien=96598
96592,https://gopy.danang.gov.vn/gop-y?pageid=view&ykien=96592
96548,https://gopy.danang.gov.vn/gop-y?pageid=view&ykien=96548
96543,https://gopy.danang.gov.vn/gop-y?pageid=view&ykien=96543
96540,https://gopy.danang.gov.vn/gop-y?pageid=view&ykien=96540
96520,https://gopy.danang.gov.vn/gop-y?pageid=view&ykien=96520
96515,https://gopy.danang.gov.vn/gop-y?pageid=view&ykien=96515
96504,https://gopy.danang.gov.vn/gop-y?pageid=view&ykien=96504
96460,https://gopy.danang.gov.vn/gop-y?pageid=view&ykien=96460
96440,https://gopy.danang.gov.vn/gop-y?pageid=view&ykien=96440
96429,https://gopy.danang.gov.vn/gop-y?pageid=view&ykien=96429
96428,https://gopy.danang.gov.vn/gop-y?pageid=view&ykien=96428
96427,https://gopy.danang.gov.vn/gop-y?pageid=view&ykien=96427
96423,https://gopy.danang.gov.vn/gop-y?pageid=view&ykien=96423
96418,https://gopy.danang.gov.vn/gop-y?pageid=view&ykien=96418
96404,https://gopy.danang.gov.vn/gop-y?pageid=view&ykien=96404
96385,https://gopy.danang.gov.vn/gop-y?pageid=view&ykien=96385
96382,https://gopy.danang.gov.vn/gop-y?pageid=view&ykien=96382
96361,https://gopy.danang.gov.vn/gop-y?pageid=view&ykien=96361
96349,https://gopy.danang.gov.vn/gop-y?pageid=view&ykien=96349
96336,https://gopy.danang.gov.vn/gop-y?pageid=view&ykien=96336
96326,https://gopy.danang.gov.vn/gop-y?pageid=view&ykien=96326
96320,https://gopy.danang.gov.vn/gop-y?pageid=view&ykien=96320
96312,https://gopy.danang.gov.vn/gop-y?pageid=view&ykien=96312
96307,https://gopy.danang.gov.vn/gop-y?pageid=view&ykien=96307
96296,https://gopy.danang.gov.vn/gop-y?pageid=view&ykien=96296
96292,https://gopy.danang.gov.vn/gop-y?pageid=view&ykien=96292
96288,https://gopy.danang.gov.vn/gop-y?pageid=view&ykien=96288
96279,https://gopy.danang.gov.vn/gop-y?pageid=view&ykien=96279
96270,https://gopy.danang.gov.vn/gop-y?pageid=view&ykien=96270
96263,https://gopy.danang.gov.vn/gop-y?pageid=view&ykien=96263
96260,https://gopy.danang.gov.vn/gop-y?pageid=view&ykien=96260
96248,https://gopy.danang.gov.vn/gop-y?pageid=view&ykien=96248
96212,https://gopy.danang.gov.vn/gop-y?pageid=view&ykien=96212
96208,https://gopy.danang.gov.vn/gop-y?pageid=view&ykien=96208
96195,https://gopy.danang.gov.vn/gop-y?pageid=view&ykien=96195
96173,https://gopy.danang.gov.vn/gop-y?pageid=view&ykien=96173
96166,https://gopy.danang.gov.vn/gop-y?pageid=view&ykien=96166
96150,https://gopy.danang.gov.vn/gop-y?pageid=view&ykien=96150
96137,https://gopy.danang.gov.vn/gop-y?pageid=view&ykien=96137
96105,https://gopy.danang.gov.vn/gop-y?pageid=view&ykien=96105
96104,https://gopy.danang.gov.vn/gop-y?pageid=view&ykien=96104
96098,https://gopy.danang.gov.vn/gop-y?pageid=view&ykien=96098
96074,https://gopy.danang.gov.vn/gop-y?pageid=view&ykien=96074
96067,https://gopy.danang.gov.vn/gop-y?pageid=view&ykien=96067
96057,https://gopy.danang.gov.vn/gop-y?pageid=view&ykien=96057
96047,https://gopy.danang.gov.vn/gop-y?pageid=view&ykien=96047
96046,https://gopy.danang.gov.vn/gop-y?pageid=view&ykien=96046
96045,https://gopy.danang.gov.vn/gop-y?pageid=view&ykien=96045
96040,https://gopy.danang.gov.vn/gop-y?pageid=view&ykien=96040
96039,https://gopy.danang.gov.vn/gop-y?pageid=view&ykien=96039
96036,https://gopy.danang.gov.vn/gop-y?pageid=view&ykien=96036
96034,https://gopy.danang.gov.vn/gop-y?pageid=view&ykien=96034
96028,https://gopy.danang.gov.vn/gop-y?pageid=view&ykien=96028
96019,https://gopy.danang.gov.vn/gop-y?pageid=view&ykien=96019
96009,https://gopy.danang.gov.vn/gop-y?pageid=view&ykien=96009
96003,https://gopy.danang.gov.vn/gop-y?pageid=view&ykien=96003
96000,https://gopy.danang.gov.vn/gop-y?pageid=view&ykien=96000
95999,https://gopy.danang.gov.vn/gop-y?pageid=view&ykien=95999
95984,https://gopy.danang.gov.vn/gop-y?pageid=view&ykien=95984
95973,https://gopy.danang.gov.vn/gop-y?pageid=view&ykien=95973
95968,https://gopy.danang.gov.vn/gop-y?pageid=view&ykien=95968
95954,https://gopy.danang.gov.vn/gop-y?pageid=view&ykien=95954
95932,https://gopy.danang.gov.vn/gop-y?pageid=view&ykien=95932
95920,https://gopy.danang.gov.vn/gop-y?pageid=view&ykien=95920
95888,https://gopy.danang.gov.vn/gop-y?pageid=view&ykien=95888
95866,https://gopy.danang.gov.vn/gop-y?pageid=view&ykien=95866
95864,https://gopy.danang.gov.vn/gop-y?pageid=view&ykien=95864
95861,https://gopy.danang.gov.vn/gop-y?pageid=view&ykien=95861
95858,https://gopy.danang.gov.vn/gop-y?pageid=view&ykien=95858
95766,https://gopy.danang.gov.vn/gop-y?pageid=view&ykien=95766
95758,https://gopy.danang.gov.vn/gop-y?pageid=view&ykien=95758
95734,https://gopy.danang.gov.vn/gop-y?pageid=view&ykien=95734
95733,https://gopy.danang.gov.vn/gop-y?pageid=view&ykien=95733
95724,https://gopy.danang.gov.vn/gop-y?pageid=view&ykien=95724
95718,https://gopy.danang.gov.vn/gop-y?pageid=view&ykien=95718
95694,https://gopy.danang.gov.vn/gop-y?pageid=view&ykien=95694
95691,https://gopy.danang.gov.vn/gop-y?pageid=view&ykien=95691
95690,https://gopy.danang.gov.vn/gop-y?pageid=view&ykien=95690
95686,https://gopy.danang.gov.vn/gop-y?pageid=view&ykien=95686
95683,https://gopy.danang.gov.vn/gop-y?pageid=view&ykien=95683
95681,https://gopy.danang.gov.vn/gop-y?pageid=view&ykien=95681
95675,https://gopy.danang.gov.vn/gop-y?pageid=view&ykien=95675
95670,https://gopy.danang.gov.vn/gop-y?pageid=view&ykien=95670
95661,https://gopy.danang.gov.vn/gop-y?pageid=view&ykien=95661
95659,https://gopy.danang.gov.vn/gop-y?pageid=view&ykien=95659
95640,https://gopy.danang.gov.vn/gop-y?pageid=view&ykien=95640
95633,https://gopy.danang.gov.vn/gop-y?pageid=view&ykien=95633
95598,https://gopy.danang.gov.vn/gop-y?pageid=view&ykien=95598
95596,https://gopy.danang.gov.vn/gop-y?pageid=view&ykien=95596
95549,https://gopy.danang.gov.vn/gop-y?pageid=view&ykien=95549
95529,https://gopy.danang.gov.vn/gop-y?pageid=view&ykien=95529
95512,https://gopy.danang.gov.vn/gop-y?pageid=view&ykien=95512
95460,https://gopy.danang.gov.vn/gop-y?pageid=view&ykien=95460
95459,https://gopy.danang.gov.vn/gop-y?pageid=view&ykien=95459
95457,https://gopy.danang.gov.vn/gop-y?pageid=view&ykien=95457
95455,https://gopy.danang.gov.vn/gop-y?pageid=view&ykien=95455
95441,https://gopy.danang.gov.vn/gop-y?pageid=view&ykien=95441
95437,https://gopy.danang.gov.vn/gop-y?pageid=view&ykien=95437
95400,https://gopy.danang.gov.vn/gop-y?pageid=view&ykien=95400
95380,https://gopy.danang.gov.vn/gop-y?pageid=view&ykien=95380
95350,https://gopy.danang.gov.vn/gop-y?pageid=view&ykien=95350
95311,https://gopy.danang.gov.vn/gop-y?pageid=view&ykien=95311
95303,https://gopy.danang.gov.vn/gop-y?pageid=view&ykien=95303
95288,https://gopy.danang.gov.vn/gop-y?pageid=view&ykien=95288
95273,https://gopy.danang.gov.vn/gop-y?pageid=view&ykien=95273
95232,https://gopy.danang.gov.vn/gop-y?pageid=view&ykien=95232
95231,https://gopy.danang.gov.vn/gop-y?pageid=view&ykien=95231
95230,https://gopy.danang.gov.vn/gop-y?pageid=view&ykien=95230
95207,https://gopy.danang.gov.vn/gop-y?pageid=view&ykien=95207
95176,https://gopy.danang.gov.vn/gop-y?pageid=view&ykien=95176
95151,https://gopy.danang.gov.vn/gop-y?pageid=view&ykien=95151
95113,https://gopy.danang.gov.vn/gop-y?pageid=view&ykien=95113
95092,https://gopy.danang.gov.vn/gop-y?pageid=view&ykien=95092
95004,https://gopy.danang.gov.vn/gop-y?pageid=view&ykien=95004
94991,https://gopy.danang.gov.vn/gop-y?pageid=view&ykien=94991
94988,https://gopy.danang.gov.vn/gop-y?pageid=view&ykien=94988
94922,https://gopy.danang.gov.vn/gop-y?pageid=view&ykien=94922
94900,https://gopy.danang.gov.vn/gop-y?pageid=view&ykien=94900
94888,https://gopy.danang.gov.vn/gop-y?pageid=view&ykien=94888
94886,https://gopy.danang.gov.vn/gop-y?pageid=view&ykien=94886
94884,https://gopy.danang.gov.vn/gop-y?pageid=view&ykien=94884
94883,https://gopy.danang.gov.vn/gop-y?pageid=view&ykien=94883
94882,https://gopy.danang.gov.vn/gop-y?pageid=view&ykien=94882
94881,https://gopy.danang.gov.vn/gop-y?pageid=view&ykien=94881
94880,https://gopy.danang.gov.vn/gop-y?pageid=view&ykien=94880
94878,https://gopy.danang.gov.vn/gop-y?pageid=view&ykien=94878
94876,https://gopy.danang.gov.vn/gop-y?pageid=view&ykien=94876
94875,https://gopy.danang.gov.vn/gop-y?pageid=view&ykien=94875
94820,https://gopy.danang.gov.vn/gop-y?pageid=view&ykien=94820
94804,https://gopy.danang.gov.vn/gop-y?pageid=view&ykien=94804
94768,https://gopy.danang.gov.vn/gop-y?pageid=view&ykien=94768
94750,https://gopy.danang.gov.vn/gop-y?pageid=view&ykien=94750
94701,https://gopy.danang.gov.vn/gop-y?pageid=view&ykien=94701
94662,https://gopy.danang.gov.vn/gop-y?pageid=view&ykien=94662
94658,https://gopy.danang.gov.vn/gop-y?pageid=view&ykien=94658
94632,https://gopy.danang.gov.vn/gop-y?pageid=view&ykien=94632
94428,https://gopy.danang.gov.vn/gop-y?pageid=view&ykien=94428
94419,https://gopy.danang.gov.vn/gop-y?pageid=view&ykien=94419
94396,https://gopy.danang.gov.vn/gop-y?pageid=view&ykien=94396
94357,https://gopy.danang.gov.vn/gop-y?pageid=view&ykien=94357
94247,https://gopy.danang.gov.vn/gop-y?pageid=view&ykien=94247
94139,https://gopy.danang.gov.vn/gop-y?pageid=view&ykien=94139
94079,https://gopy.danang.gov.vn/gop-y?pageid=view&ykien=94079
93999,https://gopy.danang.gov.vn/gop-y?pageid=view&ykien=93999
93704,https://gopy.danang.gov.vn/gop-y?pageid=view&ykien=93704
92351,https://gopy.danang.gov.vn/gop-y?pageid=view&ykien=92351
