city,source,page,title,url
Hue,hue_feedback,1,Kiến nghị treo cờ Tổ quốc vào các dịp lễ,https://tuongtac.hue.gov.vn/phan-anh/kien-nghi-treo-co-to-quoc-vao-cac-dip-le-a222507.html
Hue,hue_feedback,1,Kiến nghị xử lý sụt lún và nâng cấp đường tại Hẽm 8 kiệt 32 Thiên Thai,https://tuongtac.hue.gov.vn/phan-anh/kien-nghi-xu-ly-sut-lun-va-nang-cap-duong-tai-hem-8-kiet-32-thien-thai-a222099.html
Hue,hue_feedback,1,Nắp cống bị sụp lún ngay trường tiểu học Dạ Lê,https://tuongtac.hue.gov.vn/phan-anh/nap-cong-bi-sup-lun-ngay-truong-tieu-hoc-da-le-a222087.html
Hue,hue_feedback,1,Kiến nghị sửa chữa nắp hố ga tại đường Khúc Thừa Dụ,https://tuongtac.hue.gov.vn/phan-anh/kien-nghi-sua-chua-nap-ho-ga-tai-duong-khuc-thua-du-a222032.html
Hue,hue_feedback,1,Kiến nghị kiểm tra bảng tên kiệt 35 Thanh Hải,https://tuongtac.hue.gov.vn/phan-anh/kien-nghi-kiem-tra-bang-ten-kiet-35-thanh-hai-a221937.html
Hue,hue_feedback,1,Kiến nghị lắp lại gạch nền tại 491 Lê Duẩn,https://tuongtac.hue.gov.vn/phan-anh/kien-nghi-lap-lai-gach-nen-tai-491-le-duan-a221851.html
Hue,hue_feedback,1,Kiến nghị di dời bảng tên đường tại kiệt 137 đường Trường Chinh,https://tuongtac.hue.gov.vn/phan-anh/kien-nghi-di-doi-bang-ten-duong-tai-kiet-137-duong-truong-chinh-a221827.html
Hue,hue_feedback,1,Đẩy nhanh thi công đường thôn An Cư Đông 2,https://tuongtac.hue.gov.vn/phan-anh/day-nhanh-thi-cong-duong-thon-an-cu-dong-2-a221792.html
Hue,hue_feedback,1,Kiến nghị nâng cấp cầu An Hòa,https://tuongtac.hue.gov.vn/phan-anh/kien-nghi-nang-cap-cau-an-hoa-a221746.html
Hue,hue_feedback,1,Đèn tín hiệu giao thông ở ngã tư giao giữa quốc lộ 1A và đường Hoàng Trung không hoạt động,https://tuongtac.hue.gov.vn/phan-anh/den-tin-hieu-giao-thong-o-nga-tu-giao-giua-quoc-lo-1a-va-duong-hoang-trung-khong-hoat-dong-a221671.html
Hue,hue_feedback,1,Đề nghị tháo bỏ bảng cấm đỗ xe tại 11 Nguyễn Tri Phương,https://tuongtac.hue.gov.vn/phan-anh/de-nghi-thao-bo-bang-cam-do-xe-tai-11-nguyen-tri-phuong-a221643.html
Hue,hue_feedback,1,Gờ giảm tốc quá cao gây nguy hiểm tại kiệt 137 Phan Bội Châu,https://tuongtac.hue.gov.vn/phan-anh/go-giam-toc-qua-cao-gay-nguy-hiem-tai-kiet-137-phan-boi-chau-a221639.html
Hue,hue_feedback,1,Kiến nghị hoàn trả mặt bằng vị trí cột đèn đỏ ngã ba La Sơn,https://tuongtac.hue.gov.vn/phan-anh/kien-nghi-hoan-tra-mat-bang-vi-tri-cot-den-do-nga-ba-la-son-a221621.html
Hue,hue_feedback,2,Kiến nghị tháo bỏ gờ giảm tốc ở lối vào sân bay Phú Bài,https://tuongtac.hue.gov.vn/phan-anh/kien-nghi-thao-bo-go-giam-toc-o-loi-vao-san-bay-phu-bai-a221616.html
Hue,hue_feedback,2,Lề giảm tốc độ ở kiệt 137 Phan Bội Châu quá cao gây nguy hiểm,https://tuongtac.hue.gov.vn/phan-anh/le-giam-toc-do-o-kiet-137-phan-boi-chau-qua-cao-gay-nguy-hiem-a221591.html
Hue,hue_feedback,2,Kiến nghị sửa chữa cống thoát nước ở 1/6 Nguyễn Hữu Dật,https://tuongtac.hue.gov.vn/phan-anh/kien-nghi-sua-chua-cong-thoat-nuoc-o-1-6-nguyen-huu-dat-a221566.html
Hue,hue_feedback,2,"Kiến nghị thay mới cây xanh trước nhà C18, C19 Đường số 3",https://tuongtac.hue.gov.vn/phan-anh/kien-nghi-thay-moi-cay-xanh-truoc-nha-c18-c19-duong-so-3-a221328.html
Hue,hue_feedback,2,"Chưa xử lý cột điện bị nghiêng tại cuối xóm 5, thôn Phú Lương A",https://tuongtac.hue.gov.vn/phan-anh/chua-xu-ly-cot-dien-bi-nghieng-tai-cuoi-xom-5-thon-phu-luong-a-a221267.html
Hue,hue_feedback,2,Kiến nghị sửa chữa bảng tên kiệt 9 Nguyễn Bá Học,https://tuongtac.hue.gov.vn/phan-anh/kien-nghi-sua-chua-bang-ten-kiet-9-nguyen-ba-hoc-a221263.html
Hue,hue_feedback,2,Kiến nghị sơn lại vạch kẻ đường Võ Chí Công,https://tuongtac.hue.gov.vn/phan-anh/kien-nghi-son-lai-vach-ke-duong-vo-chi-cong-a221234.html
Hue,hue_feedback,2,Kiến nghị hoàn trả mặt bằng trên đường Võ Văn Kiệt,https://tuongtac.hue.gov.vn/phan-anh/kien-nghi-hoan-tra-mat-bang-tren-duong-vo-van-kiet-a221231.html
Hue,hue_feedback,2,Nâng cấp đường bê tông gây nguy hiểm tại đường liên thôn An Cư Đông 2,https://tuongtac.hue.gov.vn/phan-anh/nang-cap-duong-be-tong-gay-nguy-hiem-tai-duong-lien-thon-an-cu-dong-2-a221222.html
Hue,hue_feedback,2,Cáp viễn thông không được thu gom tại chợ La Chữ,https://tuongtac.hue.gov.vn/phan-anh/cap-vien-thong-khong-duoc-thu-gom-tai-cho-la-chu-a221218.html
Hue,hue_feedback,2,Kiến nghị nâng cấp cầu tránh An Hòa (Km2 + 950),https://tuongtac.hue.gov.vn/phan-anh/kien-nghi-nang-cap-cau-tranh-an-hoa-km2--950-a221197.html
Hue,hue_feedback,2,Kiểm tra và khắc phục sự cố nước từ dưới mặt đất trào lên tại 148 Thái Phiên,https://tuongtac.hue.gov.vn/phan-anh/kiem-tra-va-khac-phuc-su-co-nuoc-tu-duoi-mat-dat-trao-len-tai-148-thai-phien-a221187.html
Hue,hue_feedback,2,Kiến nghị bắt điện chiếu sáng và kiểm tra đường dây điện,https://tuongtac.hue.gov.vn/phan-anh/kien-nghi-bat-dien-chieu-sang-va-kiem-tra-duong-day-dien-a221180.html
Hue,hue_feedback,3,Đường dây điện và viễn thông sà thấp tại 63 Nguyễn Gia Thiều,https://tuongtac.hue.gov.vn/phan-anh/duong-day-dien-va-vien-thong-sa-thap-tai-63-nguyen-gia-thieu-a221179.html
Hue,hue_feedback,3,Kiến nghị hoàn thiện bờ kè sông Như Ý ở 71 Nguyễn Lộ Trạch,https://tuongtac.hue.gov.vn/phan-anh/kien-nghi-hoan-thien-bo-ke-song-nhu-y-o-71-nguyen-lo-trach-a221147.html
Hue,hue_feedback,3,Kiến nghị sửa chữa vỉa hè tại 297 Điện Biên Phủ,https://tuongtac.hue.gov.vn/phan-anh/kien-nghi-sua-chua-via-he-tai-297-dien-bien-phu-a221134.html
Hue,hue_feedback,3,Kiến nghị lắp đặt đường dốc cho người đi xe lăn tại TTHCC phường Phú Bài,https://tuongtac.hue.gov.vn/phan-anh/kien-nghi-lap-dat-duong-doc-cho-nguoi-di-xe-lan-tai-tthcc-phuong-phu-bai-a221124.html
Hue,hue_feedback,3,Hệ thống đèn đếm giây giao thông chưa hợp lí ở ngã tư cầu Dã Viên-Lê Duẩn,https://tuongtac.hue.gov.vn/phan-anh/he-thong-den-dem-giay-giao-thong-chua-hop-li-o-nga-tu-cau-da-vien-le-duan-a221063.html
Hue,hue_feedback,3,Ô trồng cây bị san lấp trong bê tông tại 157 Mai Thúc Loan,https://tuongtac.hue.gov.vn/phan-anh/o-trong-cay-bi-san-lap-trong-be-tong-tai-157-mai-thuc-loan-a221036.html
Hue,hue_feedback,3,Kiến nghị sửa chữa đèn tín hiệu giao thông tại ngã 4 đường Lý Thái Tổ và Nguyễn Văn Linh,https://tuongtac.hue.gov.vn/phan-anh/kien-nghi-sua-chua-den-tin-hieu-giao-thong-tai-nga-4-duong-ly-thai-to-va-nguyen-van-linh-a221008.html
Hue,hue_feedback,3,Kiến nghị đẩy nhanh tiến độ thi công đường xóm Kiệt 3/1 Lý Nam Đế,https://tuongtac.hue.gov.vn/phan-anh/kien-nghi-day-nhanh-tien-do-thi-cong-duong-xom-kiet-3-1-ly-nam-de-a220909.html
Hue,hue_feedback,3,"Xử lý quá tải điện pha 2 tại xóm Chung Cư, Nguyễn Dĩnh, Quảng Điền",https://tuongtac.hue.gov.vn/phan-anh/xu-ly-qua-tai-dien-pha-2-tai-xom-chung-cu-nguyen-dinh-quang-dien-a220904.html
Hue,hue_feedback,3,Cây khô héo ở cầu Nguyễn Hoàng,https://tuongtac.hue.gov.vn/phan-anh/cay-kho-heo-o-cau-nguyen-hoang-a220854.html
Hue,hue_feedback,3,Kiến nghị dỡ rào chắn sau thi công tại đường Nguyễn Vịnh qua cầu Vĩnh Hoà,https://tuongtac.hue.gov.vn/phan-anh/kien-nghi-do-rao-chan-sau-thi-cong-tai-duong-nguyen-vinh-qua-cau-vinh-hoa-a220837.html
Hue,hue_feedback,3,Hộp đồng hồ điện bị hỏng tại kiệt 67 Vạn Xuân,https://tuongtac.hue.gov.vn/phan-anh/hop-dong-ho-dien-bi-hong-tai-kiet-67-van-xuan-a220832.html
Hue,hue_feedback,3,Kiến nghị phun thuốc sâu tại đường Ngự Hà,https://tuongtac.hue.gov.vn/phan-anh/kien-nghi-phun-thuoc-sau-tai-duong-ngu-ha-a220824.html
Hue,hue_feedback,4,Kiến nghị sửa chữa nâng cấp đường Đại Giang,https://tuongtac.hue.gov.vn/phan-anh/kien-nghi-sua-chua-nang-cap-duong-dai-giang-a220810.html
Hue,hue_feedback,4,Đèn giao thông tại hướng cầu Trường Hà giao đường ĐTL2 lỗi,https://tuongtac.hue.gov.vn/phan-anh/den-giao-thong-tai-huong-cau-truong-ha-giao-duong-dtl2-loi-a220809.html
Hue,hue_feedback,4,Đường hư hỏng và sụt lún từ cầu Phú Thứ về thôn Hoà Phong1,https://tuongtac.hue.gov.vn/phan-anh/duong-hu-hong-va-sut-lun-tu-cau-phu-thu-ve-thon-hoa-phong-a220801.html
Hue,hue_feedback,4,Đẩy nhanh thi công đường tại kiệt 3/1 đường Lý Nam Đế,https://tuongtac.hue.gov.vn/phan-anh/day-nhanh-thi-cong-duong-tai-kiet-3-1-duong-ly-nam-de-a220726.html
Hue,hue_feedback,4,Kiến nghị di dời dây điện các hộ dân mặt tiền đường Lê Đức Anh đoạn từ Nguyễn Viết Song đến Nguyễn Lân,https://tuongtac.hue.gov.vn/phan-anh/kien-nghi-di-doi-day-dien-cac-ho-dan-mat-tien-duong-le-duc-anh-doan-tu-nguyen-viet-song-den-nguyen-l-a220705.html
Hue,hue_feedback,4,Tình trạng chặt phá rừng cây bản địa tại TDP Gia Viên,https://tuongtac.hue.gov.vn/phan-anh/tinh-trang-chat-pha-rung-cay-ban-dia-tai-tdp-gia-vien-a220648.html
Hue,hue_feedback,4,Không có bóng đèn tại 26/15 Nguyễn Viết Xuân,https://tuongtac.hue.gov.vn/phan-anh/khong-co-bong-den-tai-26-15-nguyen-viet-xuan-a220629.html
Hue,hue_feedback,4,Gạch vỉa hè bị xuống cấp tại 67 Trần Hưng Đạo,https://tuongtac.hue.gov.vn/phan-anh/gach-via-he-bi-xuo%CC%81ng-ca%CC%81p-tai-67-tran-hung-dao-a220617.html
Hue,hue_feedback,4,Cây thông ở số 92 đường Lê Ngô Cát bị nghiêng,https://tuongtac.hue.gov.vn/phan-anh/cay-thong-o-so-92-duong-le-ngo-cat-bi-nghieng-a220596.html
Hue,hue_feedback,4,Dây điện sà xuống gây nguy hiểm gần trạm bơm Sư Lỗ Đông,https://tuongtac.hue.gov.vn/phan-anh/day-dien-sa-xuong-gay-nguy-hiem-gan-tram-bom-su-lo-dong-a220591.html
Hue,hue_feedback,4,Kiến nghị có biện pháp thi công đảm bảo tại TDP Bắc Triều Vịnh,https://tuongtac.hue.gov.vn/phan-anh/kien-nghi-co-bien-phap-thi-cong-dam-bao-tai-tdp-bac-trieu-vinh-a220585.html
Hue,hue_feedback,4,Kiến nghị di dời các trụ điện tại Kiệt 41 Lý Thần Tông,https://tuongtac.hue.gov.vn/phan-anh/kien-nghi-di-doi-cac-tru-dien-tai-kiet-41-ly-than-tong-a220581.html
Hue,hue_feedback,4,Kiến nghị lắp thêm đèn chiếu sáng tại bậc cấp xuống cầu gỗ Lim,https://tuongtac.hue.gov.vn/phan-anh/kien-nghi-lap-them-den-chieu-sang-tai-bac-cap-xuong-cau-go-lim-a220559.html
Hue,hue_feedback,5,Kiến nghị về biển cấm tuyến đường liên xã Thủy Thanh (cũ),https://tuongtac.hue.gov.vn/phan-anh/kien-nghi-ve-bien-cam-tuyen-duong-lien-xa-thuy-thanh-cu-a220551.html
Hue,hue_feedback,5,Ô trồng cây bị san lấp trong bê tông tại số 97 Trường Chinh,https://tuongtac.hue.gov.vn/phan-anh/o-trong-cay-bi-san-lap-trong-be-tong-tai-so-97-truong-chinh-a220546.html
Hue,hue_feedback,5,Kiến nghị trồng lại cây xanh tại số nhà 36 đường Bao Mỹ 5,https://tuongtac.hue.gov.vn/phan-anh/kien-nghi-trong-lai-cay-xanh-tai-so-nha-36-duong-bao-my-5-a220545.html
Hue,hue_feedback,5,Kiểm tra lỗ hỏng nguy hiểm tại 105 Tăng Bạt Hổ,https://tuongtac.hue.gov.vn/phan-anh/kiem-tra-lo-hong-nguy-hiem-tai-105-tang-bat-ho-a220539.html
Hue,hue_feedback,5,Kiến nghị hoàn trả mặt bằng đường Thế Mỹ,https://tuongtac.hue.gov.vn/phan-anh/kien-nghi-hoan-tra-mat-bang-duong-the-my-a220499.html
Hue,hue_feedback,5,Kiến nghị tưới nước đoạn tuyến thi công Tỉnh lộ 9,https://tuongtac.hue.gov.vn/phan-anh/kien-nghi-tuoi-nuoc-doan-tuyen-thi-cong-tinh-lo-9-a220487.html
Hue,hue_feedback,5,"Kiến nghị bổ sung các biển báo cấm dừng đỗ theo ngày chẵn, ngày lẽ tại tuyến đường Nguyễn Chí Diễu",https://tuongtac.hue.gov.vn/phan-anh/kien-nghi-bo-sung-cac-bien-bao-cam-dung-do-theo-ngay-chan-ngay-le-tai-tuyen-duong-nguyen-chi-dieu-a220478.html
Hue,hue_feedback,5,Hàng rào dải phân cách bị hư hỏng đối diện số 123 Nguyễn Tất Thành,https://tuongtac.hue.gov.vn/phan-anh/hang-rao-dai-phan-cach-bi-hu-hong-doi-dien-so-123-nguyen-tat-thanh-a220456.html
Hue,hue_feedback,5,Kiến nghị sửa chữa cổng trường Tiểu học Kim Đồng,https://tuongtac.hue.gov.vn/phan-anh/kien-nghi-sua-chua-cong-truong-tieu-hoc-kim-dong-a220412.html
Hue,hue_feedback,5,Hố cống trước nhà 198 Lê Duẩn sụt lún gây nguy hiểm,https://tuongtac.hue.gov.vn/phan-anh/ho-cong-truoc-nha-198-le-duan-sut-lun-gay-nguy-hiem-a220406.html
Hue,hue_feedback,5,"Kiến nghị cấp điện sử dụng tại Km29 đường tránh Huế, TDP Châu Sơn",https://tuongtac.hue.gov.vn/phan-anh/kien-nghi-cap-dien-su-dung-tai-km29-duong-tranh-hue-tdp-chau-son-a220353.html
Hue,hue_feedback,5,Kiến nghị hoàn thành thi công vỉa hè tại 42 Phạm Văn Đồng,https://tuongtac.hue.gov.vn/phan-anh/kien-nghi-hoan-thanh-thi-cong-via-he-tai-42-pham-van-dong-a220347.html
Hue,hue_feedback,5,Kiểm tra cổng trường không đảm bảo tại Trường Tiểu học Kim Đồng,https://tuongtac.hue.gov.vn/phan-anh/kiem-tra-cong-truong-khong-dam-bao-tai-truong-tieu-hoc-kim-dong-a220341.html
Hue,hue_feedback,6,Kiến nghị nâng cấp đường tại TDP La Khê Trẹm,https://tuongtac.hue.gov.vn/phan-anh/kien-nghi-nang-cap-duong-tai-tdp-la-khe-trem-a220271.html
Hue,hue_feedback,6,Kiến nghị lắp bảng cấm đi ngược chiều và xử lý đi ngược chiều tại nút giao cổng làng Dạ Lê – Võ Chí Công,https://tuongtac.hue.gov.vn/phan-anh/kien-nghi-lap-bang-cam-di-nguoc-chieu-va-xu-ly-di-nguoc-chieu-tai-nut-giao-cong-lang-da-le-%E2%80%93-vo-chi--a220256.html
Hue,hue_feedback,6,Kiến nghị cắm biển cảnh báo tại đường Tam Thai (trước chùa Từ Hoá),https://tuongtac.hue.gov.vn/phan-anh/kien-nghi-cam-bien-canh-bao-tai-duong-tam-thai-truoc-chua-tu-hoa-a220242.html
Hue,hue_feedback,6,Đường dây điện tại số nhà 40/59/7 Nguyễn Hữu Dật sà thấp,https://tuongtac.hue.gov.vn/phan-anh/duong-day-dien-tai-so-nha-40-59-7-nguyen-huu-dat-sa-thap-a220238.html
Hue,hue_feedback,6,Đường nhựa bị lún sâu tại đầu kiệt 145 Thiên Thai,https://tuongtac.hue.gov.vn/phan-anh/duong-nhua-bi-lun-sau-tai-dau-kiet-145-thien-thai-a220232.html
Hue,hue_feedback,6,Kiến nghị sơn lại vạch vàng trên cầu Bến Ngự,https://tuongtac.hue.gov.vn/phan-anh/kien-nghi-son-lai-vach-vang-tren-cau-ben-ngu-a220197.html
Hue,hue_feedback,6,Kiến nghị gỡ bỏ biển báo tại đoạn Võ Văn Kiệt nối dài,https://tuongtac.hue.gov.vn/phan-anh/kien-nghi-go-bo-bien-bao-tai-doan-vo-van-kiet-noi-dai-a220194.html
Hue,hue_feedback,6,Kiến nghị bổ sung nắp cống tại đường Tố Hữu,https://tuongtac.hue.gov.vn/phan-anh/kien-nghi-bo-sung-nap-cong-tai-duong-to-huu-a220184.html
Hue,hue_feedback,6,Tình trạng xuống cấp trầm trọng chợ Phò Trạch,https://tuongtac.hue.gov.vn/phan-anh/tinh-trang-xuong-cap-tram-trong-cho-pho-trach-a220162.html
Hue,hue_feedback,6,"Kiến nghị sửa chữa đường tại đường Tỉnh lộ 15 TDP 8B, phường Phú Bài",https://tuongtac.hue.gov.vn/phan-anh/kien-nghi-sua-chua-duong-tai-duong-tinh-lo-15-tdp-8b-phuong-phu-bai-a220151.html
Hue,hue_feedback,6,Sập nắp cống trước mặt số nhà 24 xóm 7 TDP Lại Thế,https://tuongtac.hue.gov.vn/phan-anh/sap-nap-cong-truoc-mat-so-nha-24-xom-7-tdp-lai-the-a220134.html
Hue,hue_feedback,6,Đẩy nhanh thi công cầu tại cầu qua sông Như Ý nối đường Điềm Phùng Thị,https://tuongtac.hue.gov.vn/phan-anh/day-nhanh-thi-cong-cau-tai-cau-qua-song-nhu-y-noi-duong-diem-phung-thi-a220118.html
Hue,hue_feedback,6,Xây dựng quay cần cẩu ra đường gây nguy hiểm tại Đống Đa - Lê Hồng Phong,https://tuongtac.hue.gov.vn/phan-anh/xay-dung-quay-can-cau-ra-duong-gay-nguy-hiem-tai-dong-da---le-hong-phong-a220102.html
Hue,hue_feedback,7,Kiến nghị di dời trạm biến áp tại 36 Dương Thanh Bình,https://tuongtac.hue.gov.vn/phan-anh/kien-nghi-di-doi-tram-bien-ap-tai-36-duong-thanh-binh-a220085.html
Hue,hue_feedback,7,Dây viễn thông sà thấp tại ngã ba đường Huyền Trân Công Chúa - Bùi Thị Xuân,https://tuongtac.hue.gov.vn/phan-anh/day-vien-thong-sa-thap-tai-nga-ba-duong-huyen-tran-cong-chua---bui-thi-xuan-a220081.html
Hue,hue_feedback,7,Kiến nghị sớm hoàn thành cầu qua đường Phạm Thị Liên,https://tuongtac.hue.gov.vn/phan-anh/kien-nghi-som-hoan-thanh-cau-qua-duong-pham-thi-lien-a220076.html
Hue,hue_feedback,7,Kiến nghị lắp lại đèn hiển thị số đếm giây,https://tuongtac.hue.gov.vn/phan-anh/kien-nghi-lap-lai-den-hien-thi-so-dem-giay-a220073.html
Hue,hue_feedback,7,Đường Đức Bưu xuống cấp,https://tuongtac.hue.gov.vn/phan-anh/duong-duc-buu-xuong-cap-a220059.html
Hue,hue_feedback,7,Dây điện sà xuống thấp tại ngã ba đường Bùi Thị Xuân và đường Huyền Trân Công Chúa1,https://tuongtac.hue.gov.vn/phan-anh/day-dien-sa-xuong-thap-tai-nga-ba-duong-bui-thi-xuan-va-duong-huyen-tran-cong-chua-a220057.html
Hue,hue_feedback,7,Kiến nghị bố trí biển báo giao thông tại đường Trịnh Công Sơn,https://tuongtac.hue.gov.vn/phan-anh/kien-nghi-bo-tri-bien-bao-giao-thong-tai-duong-trinh-cong-son-a220053.html
Hue,hue_feedback,7,"Kiến nghị hoàn trả mặt bằng sau thi công tại 113, 117, 119 Phạm Văn Đồng",https://tuongtac.hue.gov.vn/phan-anh/kien-nghi-hoan-tra-mat-bang-sau-thi-cong-tai-113-117-119-pham-van-dong-a220043.html
Hue,hue_feedback,7,Kiến nghị sửa chữa đèn tín hiệu giao thông tại từ Kim Long rẽ phải lên Cầu Dã Viên,https://tuongtac.hue.gov.vn/phan-anh/kien-nghi-sua-chua-den-tin-hieu-giao-thong-tai-tu-kim-long-re-phai-len-cau-da-vien-a220040.html
Hue,hue_feedback,7,Đường tỉnh lộ 15 hư hỏng nặng,https://tuongtac.hue.gov.vn/phan-anh/duong-tinh-lo-15-hu-hong-nang-a220036.html
Hue,hue_feedback,7,Kiến nghị đẩy nhanh thi công tại 245 Phạm Văn Đồng,https://tuongtac.hue.gov.vn/phan-anh/kien-nghi-day-nhanh-thi-cong-tai-245-pham-van-dong-a220006.html
Hue,hue_feedback,7,Thi công gây ô nhiễm tại đường Trần Cao Vân,https://tuongtac.hue.gov.vn/phan-anh/thi-cong-gay-o-nhiem-tai-duong-tran-cao-van-a219994.html
Hue,hue_feedback,7,Kiến nghị có biện pháp xử lý an toàn đối với tình trạng xe tải lớn và xe container tại tuyến đường Đắc Lập,https://tuongtac.hue.gov.vn/phan-anh/kien-nghi-co-bien-phap-xu-ly-an-toan-doi-voi-tinh-trang-xe-tai-lon-va-xe-container-tai-tuyen-duong-d-a219956.html
Hue,hue_feedback,8,Nhánh phượng bị khô gây nguy hiểm tại 69 Đào Tấn,https://tuongtac.hue.gov.vn/phan-anh/nhanh-phuong-bi-kho-gay-nguy-hiem-tai-69-dao-tan-a219945.html
Hue,hue_feedback,8,Ô trồng cây tại số 43 Đinh Tiên Hoàng bị san lấp trong bê tông,https://tuongtac.hue.gov.vn/phan-anh/o-trong-cay-tai-so-43-dinh-tien-hoang-bi-san-lap-trong-be-tong-a219933.html
Hue,hue_feedback,8,Kiến nghị kiểm tra thi công đường Ngô Đức Kế,https://tuongtac.hue.gov.vn/phan-anh/kien-nghi-kiem-tra-thi-cong-duong-ngo-duc-ke-a219926.html
Hue,hue_feedback,8,Vỉa hè hư hỏng tại 19 Phạm Ngũ Lão,https://tuongtac.hue.gov.vn/phan-anh/via-he-hu-hong-tai-19-pham-ngu-lao-a219918.html
Hue,hue_feedback,8,Kiến nghị kiểm tra thi công bờ kè hói Đốc Sơ,https://tuongtac.hue.gov.vn/phan-anh/kien-nghi-kiem-tra-thi-cong-bo-ke-hoi-doc-so-a219912.html
Hue,hue_feedback,8,Kiến nghị bê tông hóa xóm Loài Mộc Sơn,https://tuongtac.hue.gov.vn/phan-anh/kien-nghi-be-tong-hoa-xom-loai-moc-son-a219880.html
Hue,hue_feedback,8,Ổ gà nguy hiểm tại đường Trần Trùng Quang,https://tuongtac.hue.gov.vn/phan-anh/o-ga-nguy-hiem-tai-duong-tran-trung-quang-a219871.html
Hue,hue_feedback,8,Kiến nghị có biện pháp xử lý cột điện trước mặt số nhà 373 Lê Duẩn,https://tuongtac.hue.gov.vn/phan-anh/kien-nghi-co-bien-phap-xu-ly-cot-dien-truoc-mat-so-nha-373-le-duan-a219852.html
Hue,hue_feedback,8,Bổ sung biển báo cấm ô tô tại các lối rẽ vào cầu Vĩnh Lợi,https://tuongtac.hue.gov.vn/phan-anh/bo-sung-bien-bao-cam-o-to-tai-cac-loi-re-vao-cau-vinh-loi-a219843.html
Hue,hue_feedback,8,Đẩy nhanh tiến độ thi công gần Cổng làng Ưu Điềm,https://tuongtac.hue.gov.vn/phan-anh/day-nhanh-tien-do-thi-cong-gan-cong-lang-uu-diem-a219816.html
Hue,hue_feedback,8,Kiến nghị đặt biến báo cấm dừng đỗ tại khu vực cây xăng 3 sao ngã tư Đường tránh Huế và Đường Dạ Lê,https://tuongtac.hue.gov.vn/phan-anh/kien-nghi-dat-bien-bao-cam-dung-do-tai-khu-vuc-cay-xang-3-sao-nga-tu-duong-tranh-hue-va-duong-da-le-a219806.html
Hue,hue_feedback,8,Kiến nghị lắp biển cấm đỗ xe ô tô tại trước 97 An Dương Vương,https://tuongtac.hue.gov.vn/phan-anh/kien-nghi-lap-bien-cam-do-xe-o-to-tai-truoc-97-an-duong-vuong-a219803.html
Hue,hue_feedback,8,Kiến nghị sửa chữa đường tại Tỉnh lộ 15 phường Phú Bài,https://tuongtac.hue.gov.vn/phan-anh/kien-nghi-sua-chua-duong-tai-tinh-lo-15-phuong-phu-bai-a219792.html
Hue,hue_feedback,9,Nắp hố bị sập tại 14 Nguyễn Lộ Trạch (23 Nguyễn Lộ Trạch),https://tuongtac.hue.gov.vn/phan-anh/nap-ho-bi-sap-tai-14-nguyen-lo-trach-23-nguyen-lo-trach-a219779.html
Hue,hue_feedback,9,Nắp hố bị sập tại 23 Nguyễn Lộ Trạch,https://tuongtac.hue.gov.vn/phan-anh/nap-ho-bi-sap-tai-23-nguyen-lo-trach-a219763.html
Hue,hue_feedback,9,Kiểm tra thiết bị lạ trên đèn chiếu sáng tại dường đi bộ ven sông Như Ý,https://tuongtac.hue.gov.vn/phan-anh/kiem-tra-thiet-bi-la-tren-den-chieu-sang-tai-duong-di-bo-ven-song-nhu-y-a219730.html
Hue,hue_feedback,9,Kiến nghị xử lý các nắp cống lõm xuống tại đường Ngô Thế Lân,https://tuongtac.hue.gov.vn/phan-anh/kien-nghi-xu-ly-cac-nap-cong-lom-xuong-tai-duong-ngo-the-lan-a219729.html
Hue,hue_feedback,9,Thắc mắc về thời điểm thông tuyến và đặt tên đường nối cuối đường Hoa Lư1,https://tuongtac.hue.gov.vn/phan-anh/thac-mac-ve-thoi-diem-thong-tuyen-va-dat-ten-duong-noi-cuoi-duong-hoa-lu-a219690.html
Hue,hue_feedback,9,Gốc cây đâm rễ vô nhà dân tại Lô C27 khu đô thị An Cựu City,https://tuongtac.hue.gov.vn/phan-anh/goc-cay-dam-re-vo-nha-dan-tai-lo-c27-khu-do-thi-an-cuu-city-a219659.html
Hue,hue_feedback,9,Không có nắp đậy đồng hồ điện gây nguy hiểm tại 22 Tôn Thất Tùng,https://tuongtac.hue.gov.vn/phan-anh/khong-co-nap-day-dong-ho-dien-gay-nguy-hiem-tai-22-ton-that-tung-a219629.html
Hue,hue_feedback,9,Kiến nghị trồng lại cây trước số 176 Nguyễn Huệ,https://tuongtac.hue.gov.vn/phan-anh/kien-nghi-trong-lai-cay-truoc-so-176-nguyen-hue-a219626.html
Hue,hue_feedback,9,Kiến nghị lắp bảng tên kiệt 147B Thiên Thai,https://tuongtac.hue.gov.vn/phan-anh/kien-nghi-lap-bang-ten-kiet-147b-thien-thai-a219600.html
Hue,hue_feedback,9,Đường đi ổ gà tại TDP Thanh Phước,https://tuongtac.hue.gov.vn/phan-anh/duong-di-o-ga-tai-tdp-thanh-phuoc-a219559.html
Hue,hue_feedback,9,Kiến nghị lắp biển báo cấm đỗ xe tại đèn đỏ đường Hoàng Văn Thụ ra ngã tư Trường Chinh,https://tuongtac.hue.gov.vn/phan-anh/kien-nghi-lap-bien-bao-cam-do-xe-tai-den-do-duong-hoang-van-thu-ra-nga-tu-truong-chinh-a219557.html
Hue,hue_feedback,9,Phản ánh bất cập cống nước tại kiệt 100 Lê Ngô Cát,https://tuongtac.hue.gov.vn/phan-anh/phan-anh-bat-cap-cong-nuoc-tai-kiet-100-le-ngo-cat-a219544.html
Hue,hue_feedback,9,Đẩy nhanh thi công vỉa hè tại đường Huỳnh Thúc Kháng,https://tuongtac.hue.gov.vn/phan-anh/day-nhanh-thi-cong-via-he-tai-duong-huynh-thuc-khang-a219510.html
Hue,hue_feedback,10,Dây điện (cáp viễn thông) chằng chịt kiệt 26 Trưng Nữ Vương,https://tuongtac.hue.gov.vn/phan-anh/day-dien-cap-vien-thong-chang-chit-kiet-26-trung-nu-vuong-a219504.html
Hue,hue_feedback,10,Dây điện sà xuống đường gây nguy hiểm tại 18 Nguyễn Đăng Thịnh,https://tuongtac.hue.gov.vn/phan-anh/day-dien-sa-xuong-duong-gay-nguy-hiem-tai-18-nguyen-dang-thinh-a219499.html
Hue,hue_feedback,10,"Kiến nghị vệ sinh sạch sẽ cây cỏ mọc tràn ra đường 19,5m KQH Thủy Thanh",https://tuongtac.hue.gov.vn/phan-anh/kien-nghi-ve-sinh-sach-se-cay-co-moc-tran-ra-duong-195m-kqh-thuy-thanh-a219473.html
Hue,hue_feedback,10,Kiến nghị xử lý dây viễn thông tại 26/16 Hai Bà Trưng,https://tuongtac.hue.gov.vn/phan-anh/kien-nghi-xu-ly-day-vien-thong-tai-26-16-hai-ba-trung-a219455.html
Hue,hue_feedback,10,Hố ga và cống nước bị hỏng tại ngã 3 Hoàng Quốc Việt và Tôn Quang Phiệt,https://tuongtac.hue.gov.vn/phan-anh/ho-ga-va-cong-nuoc-bi-hong-tai-nga-3-hoang-quoc-viet-va-ton-quang-phiet-a219416.html
Hue,hue_feedback,10,Kiến nghị dọn dẹp đường Võ Văn Kiệt,https://tuongtac.hue.gov.vn/phan-anh/kien-nghi-don-dep-duong-vo-van-kiet-a219409.html
Hue,hue_feedback,10,Đường cát sỏi gây nguy hiểm tại ngã ba Đào Tấn - Trần Thái Tông,https://tuongtac.hue.gov.vn/phan-anh/duong-cat-soi-gay-nguy-hiem-tai-nga-ba-dao-tan---tran-thai-tong-a219391.html
Hue,hue_feedback,10,Kiến nghị đẩy nhanh tiến độ thi công đi ngang TDP Thanh Vinh1,https://tuongtac.hue.gov.vn/phan-anh/kien-nghi-day-nhanh-tien-do-thi-cong-di-ngang-tdp-thanh-vinh-a219385.html
Hue,hue_feedback,10,Kiến nghị đẩy nhanh thi công đường tại đường Nguyễn Thị Bích Chi,https://tuongtac.hue.gov.vn/phan-anh/kien-nghi-day-nhanh-thi-cong-duong-tai-duong-nguyen-thi-bich-chi-a219365.html
Hue,hue_feedback,10,Kiến nghị đẩy nhanh thi công cống thoát nước tại đường Đông Du,https://tuongtac.hue.gov.vn/phan-anh/kien-nghi-day-nhanh-thi-cong-cong-thoat-nuoc-tai-duong-dong-du-a219357.html
Hue,hue_feedback,10,Kiến nghị sửa chữa vỉa hè tại 65 Chi Lăng,https://tuongtac.hue.gov.vn/phan-anh/kien-nghi-sua-chua-via-he-tai-65-chi-lang-a219338.html
Hue,hue_feedback,10,Đổ đá cấp phối gây nguy hiểm tại đường Tỉnh lộ 10A1,https://tuongtac.hue.gov.vn/phan-anh/do-da-cap-phoi-gay-nguy-hiem-tai-duong-tinh-lo-10a-a219326.html
Hue,hue_feedback,10,Kiến nghị xử lý dây viễn thông tại ngã tư đường Lý Thường Kiệt - Nguyễn Huệ,https://tuongtac.hue.gov.vn/phan-anh/kien-nghi-xu-ly-day-vien-thong-tai-nga-tu-duong-ly-thuong-kiet---nguyen-hue-a219320.html
Hue,hue_feedback,11,Cắt tỉa hoặc xử lý cây xanh tại 74 Lý Thái Tổ,https://tuongtac.hue.gov.vn/phan-anh/cat-tia-hoac-xu-ly-cay-xanh-tai-74-ly-thai-to-a219317.html
Hue,hue_feedback,11,Kiến nghị có bảng cấm đậu đỗ/đậu xe theo ngày chẵn lẻ tại đường Thánh Gióng,https://tuongtac.hue.gov.vn/phan-anh/kien-nghi-co-bang-cam-dau-do-dau-xe-theo-ngay-chan-le-tai-duong-thanh-giong-a219267.html
Hue,hue_feedback,11,Kiến nghị bắt cao Camera tại kiệt 1/102 Địa Linh3,https://tuongtac.hue.gov.vn/phan-anh/kien-nghi-bat-cao-camera-tai-kiet-1-102-dia-linh-a219245.html
Hue,hue_feedback,11,Cây che khuất tín hiệu giao thông đường Lê Duẩn,https://tuongtac.hue.gov.vn/phan-anh/cay-che-khuat-tin-hieu-giao-thong-duong-le-duan-a219239.html
Hue,hue_feedback,11,Kiến nghị sửa chữa đoạn giao nhau với đường sắt và đường Phan Bội Châu,https://tuongtac.hue.gov.vn/phan-anh/kien-nghi-sua-chua-doan-giao-nhau-voi-duong-sat-va-duong-phan-boi-chau-a219232.html
Hue,hue_feedback,11,Cây xanh che bóng đèn chiếu sáng đô thị tại 19 Thạch Hãn,https://tuongtac.hue.gov.vn/phan-anh/cay-xanh-che-bong-den-chieu-sang-do-thi-tai-19-thach-han-a219199.html
Hue,hue_feedback,11,Biển báo cấm xe tải bị che khuất tại đường Tam Thai và Võ Văn Kiệt,https://tuongtac.hue.gov.vn/phan-anh/bien-bao-cam-xe-tai-bi-che-khuat-tai-duong-tam-thai-va-vo-van-kiet-a219179.html
Hue,hue_feedback,11,Kiến nghị hạ giải ngôi nhà bỏ hoang sau khi giải tỏa mặt bằng ở đối diện số 141 đường Xuân 68,https://tuongtac.hue.gov.vn/phan-anh/kien-nghi-ha-giai-ngoi-nha-bo-hoang-sau-khi-giai-toa-mat-bang-o-doi-dien-so-141-duong-xuan-68-a219165.html
Hue,hue_feedback,11,Kiểm tra cây bàng có nhiều sâu róm tại trước kiệt 35 Lương Văn Can,https://tuongtac.hue.gov.vn/phan-anh/kiem-tra-cay-bang-co-nhieu-sau-rom-tai-truoc-kiet-35-luong-van-can-a219158.html
Hue,hue_feedback,11,Kiến nghị lắp đặt rào chắn cho TBA An Ninh Hạ 4,https://tuongtac.hue.gov.vn/phan-anh/kien-nghi-lap-dat-rao-chan-cho-tba-an-ninh-ha-4-a219154.html
Hue,hue_feedback,11,Kiến nghị sớm cấp số nhà cho đường Phạm Công Trứ,https://tuongtac.hue.gov.vn/phan-anh/kien-nghi-som-cap-so-nha-cho-duong-pham-cong-tru-a219145.html
Hue,hue_feedback,11,Kiến nghị xử lý cây xanh chết khô tại Lô L49 và L50 Đường Đức Bưu 3,https://tuongtac.hue.gov.vn/phan-anh/kien-nghi-xu-ly-cay-xanh-chet-kho-tai-lo-l49-va-l50-duong-duc-buu-3-a219136.html
Hue,hue_feedback,11,Cột mốc TP HCM - HÀ NỘI trước mặt nhà số 06 An Dương Vương bị hỏng,https://tuongtac.hue.gov.vn/phan-anh/cot-moc-tp-hcm---ha-noi-truoc-mat-nha-so-06-an-duong-vuong-bi-hong-a219131.html
Hue,hue_feedback,12,Kiến nghị kiểm tra bờ thành có nguy cơ sập đổ tại 104/25 Kim Long,https://tuongtac.hue.gov.vn/phan-anh/kien-nghi-kiem-tra-bo-thanh-co-nguy-co-sap-do-tai-104-25-kim-long-a219120.html
Hue,hue_feedback,12,Kiến nghị kiểm tra chiều cao trụ điện tại TDP Bắc Triều Vịnh,https://tuongtac.hue.gov.vn/phan-anh/kien-nghi-kiem-tra-chieu-cao-tru-dien-tai-tdp-bac-trieu-vinh-a219109.html
Hue,hue_feedback,12,Lấp đoạn rãnh thoát nước tại 167 Trường Chinh,https://tuongtac.hue.gov.vn/phan-anh/lap-doan-ranh-thoat-nuoc-tai-167-truong-chinh-a219106.html
Hue,hue_feedback,12,Kiến nghị có biện pháp đảm bảo an toàn hố ga tại công viên Bến Me,https://tuongtac.hue.gov.vn/phan-anh/kien-nghi-co-bien-phap-dam-bao-an-toan-ho-ga-tai-cong-vien-ben-me-a219084.html
Hue,hue_feedback,12,Kiến nghị về cột điện đang thi công đường tại 75 Sông Bồ,https://tuongtac.hue.gov.vn/phan-anh/kien-nghi-ve-cot-dien-dang-thi-cong-duong-tai-75-song-bo-a219083.html
Hue,hue_feedback,12,Tán cây che khuất trụ đèn giao thông tại ngã tư Nguyễn Huệ - Lý Thường Kiệt,https://tuongtac.hue.gov.vn/phan-anh/tan-cay-che-khuat-tru-den-giao-thong-tai-nga-tu-nguyen-hue---ly-thuong-kiet-a219070.html
Hue,hue_feedback,12,Đường tại 3/2 kiệt 109 Minh Mạng xuống cấp trầm trọng,https://tuongtac.hue.gov.vn/phan-anh/duong-tai-3-2-kiet-109-minh-mang-xuong-cap-tram-trong-a219067.html
Hue,hue_feedback,12,Kiến nghị điều chỉnh lại biển tên tại số 51 Huỳnh Thúc Kháng,https://tuongtac.hue.gov.vn/phan-anh/kien-nghi-dieu-chinh-lai-bien-ten-tai-so-51-huynh-thuc-khang-a219060.html
Hue,hue_feedback,12,Kiến nghị hoàn trả mặt bằng mặt đường cắt ngang tại đường Nguyễn Văn Linh,https://tuongtac.hue.gov.vn/phan-anh/kien-nghi-hoan-tra-mat-bang-mat-duong-cat-ngang-tai-duong-nguyen-van-linh-a219058.html
Hue,hue_feedback,12,"Kiến nghị cấm rẽ phải đối với ô tô, xe tải lúc đèn đỏ tại ngã tư Lê Lợi rẽ phải vào đường Hà Nội1",https://tuongtac.hue.gov.vn/phan-anh/kien-nghi-cam-re-phai-doi-voi-o-to-xe-tai-luc-den-do-tai-nga-tu-le-loi-re-phai-vao-duong-ha-noi-a219053.html
Hue,hue_feedback,12,Kiến nghị đẩy nhanh thi công dự án đường kết nối QL49 và KDC thôn Thanh Hương Tây1,https://tuongtac.hue.gov.vn/phan-anh/kien-nghi-day-nhanh-thi-cong-du-an-duong-ket-noi-ql49-va-kdc-thon-thanh-huong-tay-a219016.html
Hue,hue_feedback,12,Kiến nghị sơn kẻ vạch giao thông tại nút giao phía Bắc Cầu Phú Xuân1,https://tuongtac.hue.gov.vn/phan-anh/kien-nghi-son-ke-vach-giao-thong-tai-nut-giao-phia-bac-cau-phu-xuan-a218982.html
Hue,hue_feedback,12,Thi công chưa hoàn trả mặt bằng sau khi di dời trụ điện đầu kiệt 44 Nguyễn Sinh Cung,https://tuongtac.hue.gov.vn/phan-anh/thi-cong-chua-hoan-tra-mat-bang-sau-khi-di-doi-tru-dien-dau-kiet-44-nguyen-sinh-cung-a218978.html
Hue,hue_feedback,13,Kiến nghị hoàn thiện lát vỉa hè đầu kiệt 267 Phạm Văn Đồng,https://tuongtac.hue.gov.vn/phan-anh/kien-nghi-hoan-thien-lat-via-he-dau-kiet-267-pham-van-dong-a218976.html
Hue,hue_feedback,13,Đề nghị sửa chữa đường Lê Đức Anh,https://tuongtac.hue.gov.vn/phan-anh/de-nghi-sua-chua-duong-le-duc-anh-a218973.html
Hue,hue_feedback,13,Di dời cột điện tại 29/56 Duy Tân,https://tuongtac.hue.gov.vn/phan-anh/di-doi-cot-dien-tai-29-56-duy-tan-a218967.html
Hue,hue_feedback,13,"Đường bị nứt, hư hỏng nghiêm trọng tại đường Tôn Thất Bách",https://tuongtac.hue.gov.vn/phan-anh/duong-bi-nut-hu-hong-nghiem-trong-tai-duong-ton-that-bach-a218966.html
Hue,hue_feedback,13,Kiến nghị sửa chữa đường tại kiệt 246 Hùng Vương (lần 2),https://tuongtac.hue.gov.vn/phan-anh/kien-nghi-sua-chua-duong-tai-kiet-246-hung-vuong-lan-2-a218903.html
Hue,hue_feedback,13,Kiến nghị kiểm tra sụt lún mặt đường Nguyễn Đình Thọ,https://tuongtac.hue.gov.vn/phan-anh/kien-nghi-kiem-tra-sut-lun-mat-duong-nguyen-dinh-tho-a218895.html
Hue,hue_feedback,13,Kiến nghị đẩy nhanh thi công đường Tịnh Tâm,https://tuongtac.hue.gov.vn/phan-anh/kien-nghi-day-nhanh-thi-cong-duong-tinh-tam-a218876.html
Hue,hue_feedback,13,Dọn dẹp phát quang cây cối Sân vận động phường Kim Long,https://tuongtac.hue.gov.vn/phan-anh/don-dep-phat-quang-cay-coi-san-van-dong-phuong-kim-long-a218863.html
Hue,hue_feedback,13,Dây viễn thông sà thấp gây nguy hiểm tại 40 Lê Thánh Tôn,https://tuongtac.hue.gov.vn/phan-anh/day-vien-thong-sa-thap-gay-nguy-hiem-tai-40-le-thanh-ton-a218834.html
Hue,hue_feedback,13,Kiến nghị lắp bảng tên kiệt tại kiệt 8 Lý Nam Đế (lần 2),https://tuongtac.hue.gov.vn/phan-anh/kien-nghi-lap-bang-ten-kiet-tai-kiet-8-ly-nam-de-lan-2-a218830.html
Hue,hue_feedback,13,Kiến nghị sớm lắp nắp đậy mương thoát nước tại hẻm 21 kiệt 8 Lý Nam Đế (lần 2),https://tuongtac.hue.gov.vn/phan-anh/kien-nghi-som-lap-nap-day-muong-thoat-nuoc-tai-hem-21-kiet-8-ly-nam-de-lan-2-a218829.html
Hue,hue_feedback,13,Kiến nghị bật đèn tín hiệu giao thông tại ngã tư Tỉnh lộ 10 giao với đường Võ Chí Công,https://tuongtac.hue.gov.vn/phan-anh/kien-nghi-bat-den-tin-hieu-giao-thong-tai-nga-tu-tinh-lo-10-giao-voi-duong-vo-chi-cong-a218819.html
Hue,hue_feedback,13,Kiến nghị sửa chữa đường tại đường Lê Đức Anh,https://tuongtac.hue.gov.vn/phan-anh/kien-nghi-sua-chua-duong-tai-duong-le-duc-anh-a218817.html
Hue,hue_feedback,14,Đèn đường không sáng tại Kiệt 309 Trưng Nữ Vương,https://tuongtac.hue.gov.vn/phan-anh/den-duong-khong-sang-tai-kiet-309-trung-nu-vuong-a218814.html
Hue,hue_feedback,14,Cụm đèn tín hiệu giao thông tại ngã tư đường Trưng Nữ Vương giao với Dạ Lê bị hỏng,https://tuongtac.hue.gov.vn/phan-anh/cum-den-tin-hieu-giao-thong-tai-nga-tu-duong-trung-nu-vuong-giao-voi-da-le-bi-hong-a218790.html
Hue,hue_feedback,14,Mặt đường Tỉnh lộ 4 bị hư hỏng nặng,https://tuongtac.hue.gov.vn/phan-anh/mat-duong-tinh-lo-4-bi-hu-hong-nang-a218784.html
Hue,hue_feedback,14,Kiến nghị thống nhất số hẻm tại đường Trần Thái Tông,https://tuongtac.hue.gov.vn/phan-anh/kien-nghi-thong-nhat-so-hem-tai-duong-tran-thai-tong-a218761.html
Hue,hue_feedback,14,Nắp cống bị sập đối diện số 39 Đào Tấn nối dài,https://tuongtac.hue.gov.vn/phan-anh/nap-cong-bi-sap-doi-dien-so-39-dao-tan-noi-dai-a218760.html
Hue,hue_feedback,14,Kiến nghị lắp đặt gương cầu lồi giao thông ở đoạn đường cong tại vị trí 105 Nguyễn Khoa Chiêm,https://tuongtac.hue.gov.vn/phan-anh/kien-nghi-lap-dat-guong-cau-loi-giao-thong-o-doan-duong-cong-tai-vi-tri-105-nguyen-khoa-chiem-a218759.html
Hue,hue_feedback,14,Tuyến đường Thân Nhân Trung xuống cấp nghiêm trọng,https://tuongtac.hue.gov.vn/phan-anh/tuyen-duong-than-nhan-trung-xuong-cap-nghiem-trong-a218758.html
Hue,hue_feedback,14,Cây xanh bị nghiêng gây nguy hiểm tại 157-158 Hoa Lư,https://tuongtac.hue.gov.vn/phan-anh/cay-xanh-bi-nghieng-gay-nguy-hiem-tai-157-158-hoa-lu-a218744.html
Hue,hue_feedback,14,"Nắp hộp điện gắn cột điện trước nhà 287, 285 Chi Lăng bị hỏng",https://tuongtac.hue.gov.vn/phan-anh/nap-hop-dien-gan-cot-dien-truoc-nha-287-285-chi-lang-bi-hong-a218742.html
Hue,hue_feedback,14,Bậc thềm lối vào quảng trường Time Square số 5 Lê Lợi bị hỏng,https://tuongtac.hue.gov.vn/phan-anh/bac-them-loi-vao-quang-truong-time-square-so-5-le-loi-bi-hong-a218734.html
Hue,hue_feedback,14,Xử lý các trụ điện cũ nằm ra ngoài mép đường Kiệt 68 đường Nguyễn Hữu Dật1,https://tuongtac.hue.gov.vn/phan-anh/xu-ly-cac-tru-dien-cu-nam-ra-ngoai-mep-duong-kiet-68-duong-nguyen-huu-dat-a218722.html
Hue,hue_feedback,14,Kiến nghị sửa chữa đường tại 627 đường Lạc Long Quân,https://tuongtac.hue.gov.vn/phan-anh/kien-nghi-sua-chua-duong-tai-627-duong-lac-long-quan-a218689.html
Hue,hue_feedback,14,Kiến nghị di dời trụ điện ở 2/50 Dương Thiệu Tước,https://tuongtac.hue.gov.vn/phan-anh/kien-nghi-di-doi-tru-dien-o-2-50-duong-thieu-tuoc-a218636.html
Hue,hue_feedback,15,Lổ trống gây nguy hiểm tại Quảng Trường đường Tố Hữu,https://tuongtac.hue.gov.vn/phan-anh/lo-trong-gay-nguy-hiem-tai-quang-truong-duong-to-huu-a218635.html
Hue,hue_feedback,15,Dây điện và dây viễn thông trước nhà số 18 và 20 kiệt 79 đường Phùng Lưu sà thấp,https://tuongtac.hue.gov.vn/phan-anh/day-dien-va-day-vien-thong-truoc-nha-so-18-va-20-kiet-79-duong-phung-luu-sa-thap-a218627.html
Hue,hue_feedback,15,Kiểm tra việc di dời trụ điện ở Tổ 11 Thôn Đông Xuyên,https://tuongtac.hue.gov.vn/phan-anh/kiem-tra-viec-di-doi-tru-dien-o-to-11-thon-dong-xuyen-a218617.html
Hue,hue_feedback,15,Xử lý cột điện mất nắp và nằm thấp gần nhà thờ Thừa Lưu,https://tuongtac.hue.gov.vn/phan-anh/xu-ly-cot-dien-mat-nap-va-nam-thap-gan-nha-tho-thua-luu-a218616.html
Hue,hue_feedback,15,Xử lý trụ điện ở nút giao đường Lê Minh và Nguyễn Đức Cảnh,https://tuongtac.hue.gov.vn/phan-anh/xu-ly-tru-dien-o-nut-giao-duong-le-minh-va-nguyen-duc-canh-a218614.html
Hue,hue_feedback,15,Kiến nghị di dời cột điện (viễn thông) tại 271 Trần Quý Khoáng,https://tuongtac.hue.gov.vn/phan-anh/kien-nghi-di-doi-cot-dien-vien-thong-tai-271-tran-quy-khoang-a218603.html
Hue,hue_feedback,15,Thi công chưa hoàn trả mặt bằng tại đường Sông Như Ý2,https://tuongtac.hue.gov.vn/phan-anh/thi-cong-chua-hoan-tra-mat-bang-tai-duong-song-nhu-y-a218593.html
Hue,hue_feedback,15,Nâng cấp tuyến đường thôn Đông Lưu,https://tuongtac.hue.gov.vn/phan-anh/nang-cap-tuyen-duong-thon-dong-luu-a218587.html
Hue,hue_feedback,15,Kiến nghị trồng lại cây ở lô B3 đường Bãi Sậy,https://tuongtac.hue.gov.vn/phan-anh/kien-nghi-trong-lai-cay-o-lo-b3-duong-bai-say-a218585.html
Hue,hue_feedback,15,Nắp tủ điện bị mở ra gây nguy hiểm tại 122 Nguyễn Hữu Cảnh,https://tuongtac.hue.gov.vn/phan-anh/nap-tu-dien-bi-mo-ra-gay-nguy-hiem-tai-122-nguyen-huu-canh-a218538.html
Hue,hue_feedback,15,Kiến nghị sửa chữa đường và tăng số lần tưới nước tại đường đường Tỉnh Lộ 91,https://tuongtac.hue.gov.vn/phan-anh/kien-nghi-sua-chua-duong-va-tang-so-lan-tuoi-nuoc-tai-duong-duong-tinh-lo-9-a218536.html
Hue,hue_feedback,15,Dây viễn thông sà thấp gây nguy hiểm tại ngã 3 Lương Văn Can và Phan Chu Trinh,https://tuongtac.hue.gov.vn/phan-anh/day-vien-thong-sa-thap-gay-nguy-hiem-tai-nga-3-luong-van-can-va-phan-chu-trinh-a218525.html
Hue,hue_feedback,15,Kiến nghị nâng cao gờ giảm tốc tại thôn Lộc Sơn,https://tuongtac.hue.gov.vn/phan-anh/kien-nghi-nang-cao-go-giam-toc-tai-thon-loc-son-a218520.html
Hue,hue_feedback,16,Đèn xanh ngã tư đường Nguyễn Khoa Văn - Nguyễn Tất Thành không hiện số đếm,https://tuongtac.hue.gov.vn/phan-anh/den-xanh-nga-tu-duong-nguyen-khoa-van---nguyen-tat-thanh-khong-hien-so-dem-a218504.html
Hue,hue_feedback,16,Kiến nghị tiếp tục thi công đường Phạm Văn Đồng đoạn dốc cầu Vỹ Dạ đổ xuống,https://tuongtac.hue.gov.vn/phan-anh/kien-nghi-tiep-tuc-thi-cong-duong-pham-van-dong-doan-doc-cau-vy-da-do-xuong-a218497.html
Hue,hue_feedback,16,Kiến nghị xử lý cáp ngầm viễn thông trên mặt lề đường đầu kiệt 267 Phạm Văn Đồng,https://tuongtac.hue.gov.vn/phan-anh/kien-nghi-xu-ly-cap-ngam-vien-thong-tren-mat-le-duong-dau-kiet-267-pham-van-dong-a218494.html
Hue,hue_feedback,16,Ổ gà lớn ở ngay lòng đường tại 46 Kim Long,https://tuongtac.hue.gov.vn/phan-anh/o-ga-lon-o-ngay-long-duong-tai-46-kim-long-a218487.html
Hue,hue_feedback,16,Kiến nghị xem xét lại biển báo giới hạn tốc độ 50km/h đường Võ Văn Kiệt nối dài,https://tuongtac.hue.gov.vn/phan-anh/kien-nghi-xem-xet-lai-bien-bao-gioi-han-toc-do-50km-h-duong-vo-van-kiet-noi-dai-a218483.html
Hue,hue_feedback,16,Kiến nghị đặt biển cấm xe tải tại đường Đắc Lập,https://tuongtac.hue.gov.vn/phan-anh/kien-nghi-dat-bien-cam-xe-tai-tai-duong-dac-lap-a218470.html
Hue,hue_feedback,16,Cống thoát nước không có nắp tại số 3 Lương Quán1,https://tuongtac.hue.gov.vn/phan-anh/cong-thoat-nuoc-khong-co-nap-tai-so-3-luong-quan-a218466.html
Hue,hue_feedback,16,Kiểm tra cây xanh đặt ở bùng binh ngã ba Lương Ngọc Quyến - Mang Cá,https://tuongtac.hue.gov.vn/phan-anh/kiem-tra-cay-xanh-dat-o-bung-binh-nga-ba-luong-ngoc-quyen---mang-ca-a218458.html
Hue,hue_feedback,16,Kiến nghị kiểm tra cây xanh trước số 209 Nguyễn Trãi,https://tuongtac.hue.gov.vn/phan-anh/kien-nghi-kiem-tra-cay-xanh-truoc-so-209-nguyen-trai-a218455.html
Hue,hue_feedback,16,Kiến nghị sửa chữa vỉa hè trước Chợ Tây Lộc,https://tuongtac.hue.gov.vn/phan-anh/kien-nghi-sua-chua-via-he-truoc-cho-tay-loc-a218454.html
Hue,hue_feedback,16,Kiến nghị trồng lại cây trước địa chỉ 99 Đinh Tiên Hoàng,https://tuongtac.hue.gov.vn/phan-anh/kien-nghi-trong-lai-cay-truoc-dia-chi-99-dinh-tien-hoang-a218453.html
Hue,hue_feedback,16,Vỉa hè hư hỏng trước số 190 Đinh Tiên Hoàng,https://tuongtac.hue.gov.vn/phan-anh/via-he-hu-hong-truoc-so-190-dinh-tien-hoang-a218452.html
Hue,hue_feedback,16,Bờ tường thành hư hỏng đối diện cổng chính ra vào của UBND Phường Phú Xuân,https://tuongtac.hue.gov.vn/phan-anh/bo-tuong-thanh-hu-hong-doi-dien-cong-chinh-ra-vao-cua-ubnd-phuong-phu-xuan-a218449.html
Hue,hue_feedback,17,Kiến nghị gắn biển tên Trung tâm tiếp công dân Công an thành phố,https://tuongtac.hue.gov.vn/phan-anh/kien-nghi-gan-bien-ten-trung-tam-tiep-cong-dan-cong-an-thanh-pho-a218447.html
Hue,hue_feedback,17,Kiến nghị trồng lại cây trước số nhà 155 Mai Thúc Loan1,https://tuongtac.hue.gov.vn/phan-anh/kien-nghi-trong-lai-cay-truoc-so-nha-155-mai-thuc-loan-a218445.html
Hue,hue_feedback,17,Kiểm tra ô trồng cây bị san lấp tại 175 và 178 Mai Thúc Loan,https://tuongtac.hue.gov.vn/phan-anh/kiem-tra-o-trong-cay-bi-san-lap-tai-175-va-178-mai-thuc-loan-a218440.html
Hue,hue_feedback,17,Kiểm tra mặt đường khu vực trước Vincom tại số 50A Hùng Vương,https://tuongtac.hue.gov.vn/phan-anh/kiem-tra-mat-duong-khu-vuc-truoc-vincom-tai-so-50a-hung-vuong-a218439.html
Hue,hue_feedback,17,Đèn tín hiệu giao thông bị lỗi ở khu vực Cầu Vượt Thủy Dương,https://tuongtac.hue.gov.vn/phan-anh/den-tin-hieu-giao-thong-bi-loi-o-khu-vuc-cau-vuot-thuy-duong-a218436.html
Hue,hue_feedback,17,Tháo dỡ trụ điện không còn sử dụng gần nhà số 45 Đường tỉnh 6,https://tuongtac.hue.gov.vn/phan-anh/thao-do-tru-dien-khong-con-su-dung-gan-nha-so-45-duong-tinh-6-a218429.html
Hue,hue_feedback,17,Kiến nghị thảm nhựa tạm thời tại đường đầu cầu Vạn Xuân nối dài– Cửa Hữu,https://tuongtac.hue.gov.vn/phan-anh/kien-nghi-tham-nhua-tam-thoi-tai-duong-dau-cau-van-xuan-noi-dai%E2%80%93-cua-huu-a218420.html
Hue,hue_feedback,17,"Dây điện, dây viễn thông sà xuống tại ngã tư giao nhau giữa đường Nguyễn Huệ và Phan Bội Châu",https://tuongtac.hue.gov.vn/phan-anh/day-dien-day-vien-thong-sa-xuong-tainga-tu-giao-nhau-giua-duong-nguyen-hue-va-phan-boi-chau-a218408.html
Hue,hue_feedback,17,Nắp cống thoát nước bị vỡ trước mặt số nhà 25 xóm 3 Ngọc Anh5,https://tuongtac.hue.gov.vn/phan-anh/nap-cong-thoat-nuoc-bi-vo-truoc-mat-so-nha-25-xom-3-ngoc-anh-a218392.html
Hue,hue_feedback,17,Dây viễn thông sà thấp tại thôn Xuân Lai,https://tuongtac.hue.gov.vn/phan-anh/day-vien-thong-sa-thap-tai-thon-xuan-lai-a218387.html
Hue,hue_feedback,17,Kiến nghị sửa chữa đường tại 60 Đặng Huy Trứ,https://tuongtac.hue.gov.vn/phan-anh/kien-nghi-sua-chua-duong-tai-60-dang-huy-tru-a218374.html
Hue,hue_feedback,17,Cột đèn tín hiệu giao thông tại nút giao Phạm Văn Đồng - Lưu Hữu Phước bị cành cây che khuất,https://tuongtac.hue.gov.vn/phan-anh/cot-den-tin-hieu-giao-thong-tai-nut-giao-pham-van-dong---luu-huu-phuoc-bi-canh-cay-che-khuat-a218340.html
Hue,hue_feedback,17,Kiến nghị sửa chữa đường tại Trưng Nữ Vương1,https://tuongtac.hue.gov.vn/phan-anh/kien-nghi-sua-chua-duong-tai-trung-nu-vuong-a218339.html
Hue,hue_feedback,18,Kiến nghị vá nhiều ổ gà ở TDP Thành Trung,https://tuongtac.hue.gov.vn/phan-anh/kien-nghi-va-nhieu-o-ga-o-tdp-thanh-trung-a218327.html
Hue,hue_feedback,18,Kiến nghị nâng cấp tuyến đường thuộc tổ 8 Phường Thuỷ Xuân,https://tuongtac.hue.gov.vn/phan-anh/kien-nghi-nang-cap-tuyen-duong-thuoc-to-8-phuong-thuy-xuan-a218326.html
Hue,hue_feedback,18,Kiến nghị dọn dẹp đá to và gồ ghề đặt tại 243 Bùi Thị Xuân,https://tuongtac.hue.gov.vn/phan-anh/kien-nghi-don-dep-da-to-va-go-ghe-dat-tai-243-bui-thi-xuan-a218315.html
Hue,hue_feedback,18,Kiến nghị sửa chữa đường tại Tỉnh Lộ 4 thuộc địa phận xã Đan Điền,https://tuongtac.hue.gov.vn/phan-anh/kien-nghi-sua-chua-duong-tai-tinh-lo-4-thuoc-dia-phan-xa-dan-dien-a218292.html
Hue,hue_feedback,18,Thi công chưa hoàn trả mặt bằng tại cuối đường Hoàng Sa,https://tuongtac.hue.gov.vn/phan-anh/thi-cong-chua-hoan-tra-mat-bang-tai-cuoi-duong-hoang-sa-a218267.html
Hue,hue_feedback,18,Đường Tỉnh Lộ 4 hư hỏng nặng,https://tuongtac.hue.gov.vn/phan-anh/duong-tinh-lo-4-hu-hong-nang-a218262.html
Hue,hue_feedback,18,Lan can cầu Phú Xuân bị hỏng2,https://tuongtac.hue.gov.vn/phan-anh/lan-can-cau-phu-xuan-bi-hong-a218257.html
Hue,hue_feedback,18,Treo biểu ngữ che khuất biển báo và đèn tín hiệu tại ngã 4 Đống Đa - Lý Thường Kiệt,https://tuongtac.hue.gov.vn/phan-anh/treo-bieu-ngu-che-khuat-bien-bao-va-den-tin-hieu-tai-nga-4-dong-da---ly-thuong-kiet-a218253.html
Hue,hue_feedback,18,Đường dẫn lên cầu Công Lương bị sụt lún,https://tuongtac.hue.gov.vn/phan-anh/duong-dan-len-cau-cong-luong-bi-sut-lun-a218229.html
Hue,hue_feedback,18,Đèn giao thông bị lỗi tại ngã tư Nguyễn Chí Thanh-Nguyễn Gia Thiều,https://tuongtac.hue.gov.vn/phan-anh/den-giao-thong-bi-loi-tai-nga-tu-nguyen-chi-thanh-nguyen-gia-thieu-a218214.html
Hue,hue_feedback,18,Đường dẫn lên cầu Như Ý 2 bị sụt lún nghiêm trọng,https://tuongtac.hue.gov.vn/phan-anh/duong-dan-len-cau-nhu-y-2-bi-sut-lun-nghiem-trong-a218208.html
Hue,hue_feedback,18,Đèn trợ sáng camera gây chói mắt tại ngã ba Nguyễn Phúc Nguyên - Sư Vạn Hạnh và đường ray Kim Long,https://tuongtac.hue.gov.vn/phan-anh/den-tro-sang-camera-gay-choi-mat-tai-nga-ba-nguyen-phuc-nguyen---su-van-hanh-va-duong-ray-kim-long-a218184.html
Hue,hue_feedback,18,Kiến nghị sửa chữa đường vào KQH Hương An tại 141 Lý Thái Tổ,https://tuongtac.hue.gov.vn/phan-anh/kien-nghi-sua-chua-duong-vao-kqh-huong-an-tai-141-ly-thai-to-a218154.html
Hue,hue_feedback,19,Cây trồng gây khuất tầm nhìn từ số 2 đến 12 đường Âu Lạc,https://tuongtac.hue.gov.vn/phan-anh/cay-trong-gay-khuat-tam-nhin-tu-so-2-den-12-duong-au-lac-a218146.html
Hue,hue_feedback,19,Cây xanh che khuất cột đèn tín hiệu giao thông tại ngã ba La Sơn,https://tuongtac.hue.gov.vn/phan-anh/cay-xanh-che-khuat-cot-den-tin-hieu-giao-thong-tai-nga-ba-la-son-a218138.html
Hue,hue_feedback,19,Hố ga không có nắp gây nguy hiểm tại đường Nguyễn Đình Tứ,https://tuongtac.hue.gov.vn/phan-anh/ho-ga-khong-co-nap-gay-nguy-hiem-tai-duong-nguyen-dinh-tu-a218099.html
Hue,hue_feedback,19,Kiến nghị sửa chữa đường Nguyễn Văn Linh,https://tuongtac.hue.gov.vn/phan-anh/kien-nghi-sua-chua-duong-nguyen-van-linh-a218060.html
Hue,hue_feedback,19,Kiến nghị làm đường tại kiệt 65A Hoàng Quốc Việt năm 2026,https://tuongtac.hue.gov.vn/phan-anh/kien-nghi-lam-duong-tai-kiet-65a-hoang-quoc-viet-nam-2026-a218052.html
Hue,hue_feedback,19,Kiến nghị nâng cấp đường kiệt 21 Nguyễn Phúc Thụ,https://tuongtac.hue.gov.vn/phan-anh/kien-nghi-nang-cap-duong-kiet-21-nguyen-phuc-thu-a218041.html
Hue,hue_feedback,19,Kiến nghị đầu tư hệ thống hạ tầng tại KQH Tân Mỹ3,https://tuongtac.hue.gov.vn/phan-anh/kien-nghi-dau-tu-he-thong-ha-tang-tai-kqh-tan-my-a218022.html
Hue,hue_feedback,19,Dây điện bị đứt tại 200 Bạch Đằng,https://tuongtac.hue.gov.vn/phan-anh/day-dien-bi-dut-tai-200-bach-dang-a218018.html
Hue,hue_feedback,19,Phản ánh bất cập cấm đỗ xe máy tại vỉa hè đường Ngô Quyền,https://tuongtac.hue.gov.vn/phan-anh/phan-anh-bat-cap-cam-do-xe-may-tai-via-he-duong-ngo-quyen-a218014.html
Hue,hue_feedback,19,Cây xanh chết khô gây nguy hiểm tại đầu đường Nguyễn Phúc Thái,https://tuongtac.hue.gov.vn/phan-anh/cay-xanh-chet-kho-gay-nguy-hiem-tai-dau-duong-nguyen-phuc-thai-a217999.html
Hue,hue_feedback,19,Kiến nghị nhanh chóng giải phóng mặt bằng cầu Như Ý,https://tuongtac.hue.gov.vn/phan-anh/kien-nghi-nhanh-chong-giai-phong-mat-bang-cau-nhu-y-a217991.html
Hue,hue_feedback,19,Hỏi về thời gian có điện chiếu sáng tại xã Bình Điền,https://tuongtac.hue.gov.vn/phan-anh/hoi-ve-thoi-gian-co-dien-chieu-sang-tai-xa-binh-dien-a217983.html
Hue,hue_feedback,19,Kiến nghị nâng cấp tuyến kiệt 104 Tạ Quang Bửu,https://tuongtac.hue.gov.vn/phan-anh/kien-nghi-nang-cap-tuyen-kiet-104-ta-quang-buu-a217960.html
Hue,hue_feedback,20,Kiến nghị làm mương thoát nước tại kiệt 16 đường Dương Nguyên Trực1,https://tuongtac.hue.gov.vn/phan-anh/kien-nghi-lam-muong-thoat-nuoc-tai-kiet-16-duong-duong-nguyen-truc-a217929.html
Hue,hue_feedback,20,Kiến nghị sửa chữa đường tại 99 Duy Tân,https://tuongtac.hue.gov.vn/phan-anh/kien-nghi-sua-chua-duong-tai-99-duy-tan-a217925.html
Hue,hue_feedback,20,"Kiến nghị mở rộng đường xóm Định Cư 1, TDP Thai Dương Hạ Trung",https://tuongtac.hue.gov.vn/phan-anh/kien-nghi-mo-rong-duong-xom-dinh-cu-1-tdp-thai-duong-ha-trung-a217911.html
Hue,hue_feedback,20,Kiến nghị sửa chữa mặt cầu gần KĐT Đông Nam Thuỷ An,https://tuongtac.hue.gov.vn/phan-anh/kien-nghi-sua-chua-mat-cau-gan-kdt-dong-nam-thuy-an-a217897.html
Hue,hue_feedback,20,Kiến nghị sửa chữa đường Đại Nam,https://tuongtac.hue.gov.vn/phan-anh/kien-nghi-sua-chua-duong-dai-nam-a217881.html
Hue,hue_feedback,20,Kiến nghị nâng cấp Kiệt đường Đại Nam,https://tuongtac.hue.gov.vn/phan-anh/kien-nghi-nang-cap-kiet-duong-dai-nam-a217879.html
Hue,hue_feedback,20,Tuyến đường liên thôn tại TDP Lai Thành 1 xuống cấp nặng nề,https://tuongtac.hue.gov.vn/phan-anh/tuyen-duong-lien-thon-tai-tdp-lai-thanh-1xuong-cap-nang-ne-a217860.html
Hue,hue_feedback,20,"Đứt dây điện, cáp tại đường Xuân 68",https://tuongtac.hue.gov.vn/phan-anh/dut-day-dien-cap-tai-duong-xuan-68-a217856.html
Hue,hue_feedback,20,"2 cống thoát nước ở địa chỉ 03, 05,07 Trần Quý Kiên bị hư hỏng",https://tuongtac.hue.gov.vn/phan-anh/2-cong-thoat-nuoc-o-dia-chi-03-0507-tran-quy-kien-bi-hu-hong-a217852.html
Hue,hue_feedback,20,Kiến nghị xem xét nút thắt đoạn Phạm Văn Đồng cua xuống kiệt 91 Hàn Mặc Tử,https://tuongtac.hue.gov.vn/phan-anh/kien-nghi-xem-xet-nut-that-doan-pham-van-dong-cua-xuong-kiet-91-han-mac-tu-a217851.html
Hue,hue_feedback,20,Đoạn kết nối đầu đường Nguyễn Minh Vỹ - Phạm Văn Đồng không xử lý an toàn,https://tuongtac.hue.gov.vn/phan-anh/doan-ket-noi-dau-duong-nguyen-minh-vy---pham-van-dong-khong-xu-ly-an-toan-a217847.html
Hue,hue_feedback,20,Tín hiệu đèn xanh rẽ phải bị che khuất vì cây xanh ở ngã ba Nguyễn Sinh Cung - Lâm Hoằng,https://tuongtac.hue.gov.vn/phan-anh/tin-hieu-den-xanh-re-phai-bi-che-khuat-vi-cay-xanh-o-nga-ba-nguyen-sinh-cung---lam-hoang-a217845.html
Hue,hue_feedback,20,Tuyến đường Kinh Dương Vương hư hỏng không an toàn,https://tuongtac.hue.gov.vn/phan-anh/tuyen-duong-kinh-duong-vuong-hu-hong-khong-an-toan-a217839.html
Hue,hue_feedback,21,Ứ đọng nước tại 18 Nguyễn Khánh Toàn,https://tuongtac.hue.gov.vn/phan-anh/u-dong-nuoc-tai-18-nguyen-khanh-toan-a217822.html
Hue,hue_feedback,21,Hộp đồng hồ điện tại 8A kiệt 139 An Dương Vương bị hỏng,https://tuongtac.hue.gov.vn/phan-anh/hop-dong-ho-dien-tai-8a-kiet-139-an-duong-vuong-bi-hong-a217821.html
Hue,hue_feedback,21,"Kiến nghị đổ bê tông hẻm 1, kiệt 16 Dương Nguyên Trực",https://tuongtac.hue.gov.vn/phan-anh/kien-nghi-do-be-tong-hem-1-kiet-16-duong-nguyen-truc-a217818.html
Hue,hue_feedback,21,Tình trạng ngập nước tại xóm 2 tổ dân phố Dưỡng Mong1,https://tuongtac.hue.gov.vn/phan-anh/tinh-trang-ngap-nuoc-tai-xom-2-to-dan-pho-duong-mong-a217816.html
Hue,hue_feedback,21,Vỉa hè bị xuống cấp tại 06 Bà Triệu,https://tuongtac.hue.gov.vn/phan-anh/via-he-bi-xuong-cap-tai-06-ba-trieu-a217812.html
Hue,hue_feedback,21,Cây xanh ngã đổ trên vỉa hè đường Đồng Khởi,https://tuongtac.hue.gov.vn/phan-anh/cay-xanh-nga-do-tren-via-he-duong-dong-khoi-a217807.html
Hue,hue_feedback,21,Tiếng nổ với khói trên dây điện cao thế tại cột điện giữa 93-95 Nguyễn Chí Thanh,https://tuongtac.hue.gov.vn/phan-anh/tieng-no-voi-khoi-tren-day-dien-cao-the-tai-cot-dien-giua-93-95-nguyen-chi-thanh-a217798.html
Hue,hue_feedback,21,Vỉa hè bị xuống cấp tại 31 Hoàng Quốc Việt,https://tuongtac.hue.gov.vn/phan-anh/via-he-bi-xuong-cap-tai-31-hoang-quoc-viet-a217797.html
Hue,hue_feedback,21,Bất cập về biển báo tại đường Trần Cao Vân,https://tuongtac.hue.gov.vn/phan-anh/bat-cap-ve-bien-bao-tai-duong-tran-cao-van-a217793.html
Hue,hue_feedback,21,Đào rãnh sâu gây nguy hiểm tại 94 Kim Phụng,https://tuongtac.hue.gov.vn/phan-anh/dao-ranh-sau-gay-nguy-hiem-tai-94-kim-phung-a217772.html
Hue,hue_feedback,21,Ổ gà lớn gây nguy hiểm tại 3 Lý Đạo Thành,https://tuongtac.hue.gov.vn/phan-anh/o-ga-lon-gay-nguy-hiem-tai-3-ly-dao-thanh-a217762.html
Hue,hue_feedback,21,Đường kiệt 3 Lý Nam Đế bị hư hỏng,https://tuongtac.hue.gov.vn/phan-anh/duong-kiet-3-ly-nam-de-bi-hu-hong-a217727.html
Hue,hue_feedback,21,Đường hư hỏng và đèn đường không có bóng tại KQH Đại học Huế,https://tuongtac.hue.gov.vn/phan-anh/duong-hu-hong-va-den-duong-khong-co-bong-tai-kqh-dai-hoc-hue-a217721.html
Hue,hue_feedback,22,Đèn giao thông tại nút giao Trần Hoàn - Thuận Hóa bị hỏng,https://tuongtac.hue.gov.vn/phan-anh/den-giao-thong-tai-nut-giao-tran-hoan---thuan-hoa-bi-hong-a217717.html
Hue,hue_feedback,22,"Kiến nghị chặt, cắt những tán lá, cành, bụi cây tại TDP Lại Lộc",https://tuongtac.hue.gov.vn/phan-anh/kien-nghi-chat-cat-nhung-tan-la-canh-bui-cay-tai-tdp-lai-loc-a217679.html
Hue,hue_feedback,22,"Sửa chữa, nâng cấp tuyến đường Hẻm 10 Kiệt 27 Thân Văn Nhiếp",https://tuongtac.hue.gov.vn/phan-anh/sua-chua-nang-cap-tuyen-duong-hem-10-kiet-27-than-van-nhiep-a217662.html
Hue,hue_feedback,22,Kiến nghị di dời trụ điện tại TDP Trạch Phổ,https://tuongtac.hue.gov.vn/phan-anh/kien-nghi-di-doi-tru-dien-tai-tdp-trach-pho-a217655.html
Hue,hue_feedback,22,Kiến nghị sửa chữa đèn tín hiệu giao thông tại nút giao cầu Dã Viên phía đường Lê Duẩn,https://tuongtac.hue.gov.vn/phan-anh/kien-nghi-sua-chua-den-tin-hieu-giao-thong-tai-nut-giao-cau-da-vien-phia-duong-le-duan-a217649.html
Hue,hue_feedback,22,Kiến nghị có biện pháp đảm bảo an toàn giao thông tại đường Nguyễn Hạnh,https://tuongtac.hue.gov.vn/phan-anh/kien-nghi-co-bien-phap-dam-bao-an-toan-giao-thong-tai-duong-nguyen-hanh-a217645.html
Hue,hue_feedback,22,Đề nghị tháo bỏ bảng cấm đỗ xe tại 11 Nguyễn Tri Phương,https://tuongtac.hue.gov.vn/phan-anh/de-nghi-thao-bo-bang-cam-do-xe-tai-11-nguyen-tri-phuong-a217622.html
Hue,hue_feedback,22,Kiến nghị bó gọn dây viễn thông tại Lô D6 đường Âu Lạc,https://tuongtac.hue.gov.vn/phan-anh/kien-nghi-bo-gon-day-vien-thong-tai-lo-d6-duong-au-lac-a217582.html
Hue,hue_feedback,22,Dây cáp quang bị đứt tại 278 Đinh Tiên Hoàng,https://tuongtac.hue.gov.vn/phan-anh/day-cap-quang-bi-dut-tai-278-dinh-tien-hoang-a217563.html
Hue,hue_feedback,22,"Kiến nghị làm đường và sửa chữa cột hẻm tại kiệt 155, hẻm 14 Dạ Lê",https://tuongtac.hue.gov.vn/phan-anh/kien-nghi-lam-duong-va-sua-chua-cot-hem-tai-kiet-155-hem-14-da-le-a217554.html
Hue,hue_feedback,22,Đường ứ đọng nước tại kiệt chùa Phước Hưng thôn Công Lương,https://tuongtac.hue.gov.vn/phan-anh/duong-u-dong-nuoc-tai-kiet-chua-phuoc-hung-thon-cong-luong-a217549.html
Hue,hue_feedback,22,Kiến nghị kiểm tra hệ thống thoát nước tại thôn Vinh Sơn,https://tuongtac.hue.gov.vn/phan-anh/kien-nghi-kiem-tra-he-thong-thoat-nuoc-tai-thon-vinh-son-a217528.html
Hue,hue_feedback,22,"Kiểm tra đường ứ đọng nước tại 11, 13 và 15 đường Lê Minh Trường",https://tuongtac.hue.gov.vn/phan-anh/kiem-tra-duong-u-dong-nuoc-tai-11-13-va-15-duong-le-minh-truong-a217519.html
Hue,hue_feedback,23,Kiến nghị kiểm tra đoạn rào chắn đường đoạn sát cầu Bù Lu1,https://tuongtac.hue.gov.vn/phan-anh/kien-nghi-kiem-tra-doan-rao-chan-duong-doan-sat-cau-bu-lu-a217511.html
Hue,hue_feedback,23,Kiến nghị tháo bỏ tủ điện không sử dụng tại 91 Thái Phiên,https://tuongtac.hue.gov.vn/phan-anh/kien-nghi-thao-bo-tu-dien-khong-su-dung-tai-91-thai-phien-a217509.html
Hue,hue_feedback,23,Kiểm tra chất lượng công trình và đẩy nhanh tiến độ thi công đường xóm 3/1 Lý Nam Đế,https://tuongtac.hue.gov.vn/phan-anh/kiem-tra-chat-luong-cong-trinh-va-day-nhanh-tien-do-thi-cong-duong-xom-3-1-ly-nam-de-a217493.html
Hue,hue_feedback,23,Đường từ Ngọc Hồ lên điện Huệ Nam hư hỏng nặng,https://tuongtac.hue.gov.vn/phan-anh/duong-tu-ngoc-ho-len-dien-hue-nam-hu-hong-nang-a217491.html
Hue,hue_feedback,23,"Kiến nghị sửa chữa đường mỏ đá Sơn Thuỷ, xã A Lưới 3",https://tuongtac.hue.gov.vn/phan-anh/kien-nghi-sua-chua-duong-mo-da-son-thuy-xa-a-luoi-3-a217490.html
Hue,hue_feedback,23,Kiến nghị điều chỉnh vị trí đặt biển đường 1 chiều đầu kiệt 131 Trần Phú1,https://tuongtac.hue.gov.vn/phan-anh/kien-nghi-dieu-chinh-vi-tri-dat-bien-duong-1-chieu-dau-kiet-131-tran-phu-a217482.html
Hue,hue_feedback,23,Kiến nghị có phương án về biển cấm dừng đỗ tại số 2 Châu Sơn2,https://tuongtac.hue.gov.vn/phan-anh/kien-nghi-co-phuong-an-ve-bien-cam-dung-do-tai-so-2-chau-son-a217467.html
Hue,hue_feedback,23,Đoạn đường tại số 27 Trần Văn Kỷ thi công không đảm bảo an toàn,https://tuongtac.hue.gov.vn/phan-anh/doan-duong-tai-so-27-tran-van-ky-thi-cong-khong-dam-bao-an-toan-a217462.html
Hue,hue_feedback,23,Xây dựng quán trên hành lang cống thoát nước tại đường Hồ Chí Minh,https://tuongtac.hue.gov.vn/phan-anh/xay-dung-quan-tren-hanh-lang-cong-thoat-nuoc-tai-duong-ho-chi-minh-a217460.html
Hue,hue_feedback,23,Vạch kẻ đường bị mờ tại 161 đường Lý Thái Tổ,https://tuongtac.hue.gov.vn/phan-anh/vach-ke-duong-bi-mo-tai-161-duong-ly-thai-to-a217432.html
Hue,hue_feedback,23,Nâng cấp hệ thống thoát nước và đèn chiếu sáng tại kiệt 132 Nguyễn Hữu Dật,https://tuongtac.hue.gov.vn/phan-anh/nang-cap-he-thong-thoat-nuoc-va-den-chieu-sang-tai-kiet-132-nguyen-huu-dat-a217408.html
Hue,hue_feedback,23,Kiến nghị nâng cấp đường Tỉnh lộ 17 tại hướng lên Phong Mỹ (lần 2),https://tuongtac.hue.gov.vn/phan-anh/kien-nghi-nang-cap-duong-tinh-lo-17-tai-huong-len-phong-my-lan-2-a217396.html
Hue,hue_feedback,23,Cống đường xóm 7 Lại Thế bị sụp miệng hố,https://tuongtac.hue.gov.vn/phan-anh/cong-duong-xom-7-lai-the-bi-sup-mieng-ho-a217382.html
Hue,hue_feedback,24,Nắp cống thoát nước bị sập tại đường Quảng Tế,https://tuongtac.hue.gov.vn/phan-anh/nap-cong-thoat-nuoc-bi-sap-tai-duong-quang-te-a217380.html
Hue,hue_feedback,24,Thi công chậm tiến độ tại kiệt 3/1 Lý Nam Đế,https://tuongtac.hue.gov.vn/phan-anh/thi-cong-cham-tien-do-tai-kiet-3-1-ly-nam-de-a217369.html
Hue,hue_feedback,24,Cây bị chết khô tại 52 Nguyễn Đức Cảnh,https://tuongtac.hue.gov.vn/phan-anh/cay-bi-chet-kho-tai-52-nguyen-duc-canh-a217360.html
Hue,hue_feedback,24,Kiến nghị sửa chữa đèn tín hiệu giao thông tại ngã tư Trần Cao Vân và Hùng Vương,https://tuongtac.hue.gov.vn/phan-anh/kien-nghi-sua-chua-den-tin-hieu-giao-thong-tai-nga-tu-tran-cao-van-va-hung-vuong-a217330.html
Hue,hue_feedback,24,Dây điện sà thấp dưới đất gây nguy hiểm tại ngã tư thôn Kim Ngọc1,https://tuongtac.hue.gov.vn/phan-anh/day-dien-sa-thap-duoi-dat-gay-nguy-hiem-tai-nga-tu-thon-kim-ngoc-a217329.html
Hue,hue_feedback,24,Hệ thống dây điện và dây viễn thông chằn chịt tại 26 Tô Ngọc Vân,https://tuongtac.hue.gov.vn/phan-anh/he-thong-day-dien-va-day-vien-thong-chan-chit-tai-26-to-ngoc-van-a217325.html
Hue,hue_feedback,24,Thi công không che chắn tại 9 Nguyễn Tri Phương,https://tuongtac.hue.gov.vn/phan-anh/thi-cong-khong-che-chan-tai-9-nguyen-tri-phuong-a217320.html
Hue,hue_feedback,24,Kiến nghị sửa chữa đường tại TDP Bằng Lãng gần chợ Tuần,https://tuongtac.hue.gov.vn/phan-anh/kien-nghi-sua-chua-duong-tai-tdp-bang-lang-gan-cho-tuan-a217316.html
Hue,hue_feedback,24,"Dây điện, dây cáp viễn thông bị rơi khỏi trụ điện tại 283 Nguyễn Tất Thành",https://tuongtac.hue.gov.vn/phan-anh/day-dien-day-cap-vien-thong-bi-roi-khoi-tru-dien-tai-283-nguyen-tat-thanh-a217294.html
Hue,hue_feedback,24,Kiến nghị có giải pháp đối với nút giao đường Trưng Nữ Vương và Tôn Thất Sơn,https://tuongtac.hue.gov.vn/phan-anh/kien-nghi-co-giai-phap-doi-voi-nut-giao-duong-trung-nu-vuong-va-ton-that-son-a217287.html
Hue,hue_feedback,24,Kiến nghị kẻ lại vạch sơn kẻ đường đoạn giữa Võ Chí Công đến Phạm Văn Đồng,https://tuongtac.hue.gov.vn/phan-anh/kien-nghi-ke-lai-vach-son-ke-duong-doan-giua-vo-chi-cong-den-pham-van-dong-a217284.html
Hue,hue_feedback,24,Tình trạng đậu đỗ gây kẹt đường đoạn giao đường Đặng Thái Thân đến giao đường Tuệ Tĩnh,https://tuongtac.hue.gov.vn/phan-anh/tinh-trang-dau-do-gay-ket-duong-doan-giao-duong-dang-thai-than-den-giao-duong-tue-tinh-a217275.html
Hue,hue_feedback,24,Kiến nghị sửa chữa đường tại đường Võ Phi Trắng,https://tuongtac.hue.gov.vn/phan-anh/kien-nghi-sua-chua-duong-tai-duong-vo-phi-trang-a217258.html
Hue,hue_feedback,25,Nắp cống gây ô nhiễm tiếng ồn tại đường Ngô Quyền,https://tuongtac.hue.gov.vn/phan-anh/nap-cong-gay-o-nhiem-tieng-on-tai-duong-ngo-quyen-a217254.html
Hue,hue_feedback,25,Thi công gây ô nhiễm tại công trình Tái định cư TDP Thạch Căn1,https://tuongtac.hue.gov.vn/phan-anh/thi-cong-gay-o-nhiem-tai-cong-trinh-tai-dinh-cu-tdp-thach-can-a217242.html
Hue,hue_feedback,25,Hố ga trước nhà 213 Hùng Vương xuống cấp nghiêm trọng,https://tuongtac.hue.gov.vn/phan-anh/ho-ga-truoc-nha-213-hung-vuong-xuong-cap-nghiem-trong-a217227.html
Hue,hue_feedback,25,Cây Bàng lấn chiếm đường tại 35 Lương Văn Can,https://tuongtac.hue.gov.vn/phan-anh/cay-bang-lan-chiem-duong-tai-35-luong-van-can-a217217.html
Hue,hue_feedback,25,Kiểm tra đường hư hỏng tại đường Nguyễn Hữu Dật,https://tuongtac.hue.gov.vn/phan-anh/kiem-tra-duong-hu-hong-tai-duong-nguyen-huu-dat-a217207.html
Hue,hue_feedback,25,Kiến nghị xử lý dây cáp tại số 04 Lâm Hồng Phấn,https://tuongtac.hue.gov.vn/phan-anh/kien-nghi-xu-ly-day-cap-tai-so-04-lam-hong-phan-a217181.html
Hue,hue_feedback,25,Đoạn đường trước đình Phổ Lại trơn trượt,https://tuongtac.hue.gov.vn/phan-anh/doan-duong-truoc-dinh-pho-lai-tron-truot-a217142.html
Hue,hue_feedback,25,Kiến nghị sửa chữa tuyến đường Cây Vông,https://tuongtac.hue.gov.vn/phan-anh/kien-nghi-sua-chua-tuyen-duong-cay-vong-a217133.html
Hue,hue_feedback,25,Kiến nghị kẻ vạch phân luồng giao thông tại đường Võ Văn Kiệt,https://tuongtac.hue.gov.vn/phan-anh/kien-nghi-ke-vach-phan-luong-giao-thong-tai-duong-vo-van-kiet-a217084.html
Hue,hue_feedback,25,Dây điện tại đường Lê Tự Đồng bị đứt,https://tuongtac.hue.gov.vn/phan-anh/day-dien-tai-duong-le-tu-dong-bi-dut-a217083.html
Hue,hue_feedback,25,Đèn giao thông bị hỏng tại ngã ba La Sơn,https://tuongtac.hue.gov.vn/phan-anh/den-giao-thong-bi-hong-tai-nga-ba-la-son-a217052.html
Hue,hue_feedback,25,Gạch nền vỉa hè hư hỏng trước kiệt 119 Hùng Vương,https://tuongtac.hue.gov.vn/phan-anh/gach-nen-via-he-hu-hong-truoc-kiet-119-hung-vuong-a217036.html
Hue,hue_feedback,25,Làm cống thoát nước tại kiệt 4 Nguyễn Phúc Nguyên,https://tuongtac.hue.gov.vn/phan-anh/lam-cong-thoat-nuoc-tai-kiet-4-nguyen-phuc-nguyen-a217021.html
Hue,hue_feedback,26,Vỉa hè ngay đầu kiệt 267 Phạm Văn Đồng chưa hoàn thiện,https://tuongtac.hue.gov.vn/phan-anh/via-he-ngay-dau-kiet-267-pham-van-dong-chua-hoan-thien-a217015.html
Hue,hue_feedback,26,Sập hố ga tại 18 đường Nguyễn Gia Thiều,https://tuongtac.hue.gov.vn/phan-anh/sap-ho-ga-tai-18-duong-nguyen-gia-thieu-a217009.html
Hue,hue_feedback,26,Kiến nghị nâng cấp hạ tầng kiệt 604 Bùi Thị Xuân,https://tuongtac.hue.gov.vn/phan-anh/kien-nghi-nang-cap-ha-tang-kiet-604-bui-thi-xuan-a217008.html
Hue,hue_feedback,26,Đẩy nhanh thi công tại đầu kiệt 267 Phạm Văn Đồng,https://tuongtac.hue.gov.vn/phan-anh/day-nhanh-thi-cong-tai-dau-kiet-267-pham-van-dong-a216999.html
Hue,hue_feedback,26,Công trình vỉa hè xuống cấp tại 67 Trần Hưng Đạo,https://tuongtac.hue.gov.vn/phan-anh/cong-trinh-via-he-xuong-cap-tai-67-tran-hung-dao-a216998.html
Hue,hue_feedback,26,Cây xanh ở 17 Bãi Sậy 4 bị khô2,https://tuongtac.hue.gov.vn/phan-anh/cay-xanh-o-17-bai-say-4-bi-kho-a216990.html
Hue,hue_feedback,26,Kiến nghị hoàn thiện vỉa hè tại 431 Phạm Văn Đồng,https://tuongtac.hue.gov.vn/phan-anh/kien-nghi-hoan-thien-via-he-tai-431-pham-van-dong-a216985.html
Hue,hue_feedback,26,Cây xanh chết khô gây nguy hiểm tại Lô G13 đường Thân Trọng Di,https://tuongtac.hue.gov.vn/phan-anh/cay-xanh-chet-kho-gay-nguy-hiem-tai-lo-g13-duong-than-trong-di-a216962.html
Hue,hue_feedback,26,Đẩy nhanh thi công đường Phạm Văn Đồng,https://tuongtac.hue.gov.vn/phan-anh/day-nhanh-thi-cong-duong-pham-van-dong-a216958.html
Hue,hue_feedback,26,Hố ga sụt lún giữa 2 số nhà 56 và 58 đường Nguyễn Huệ,https://tuongtac.hue.gov.vn/phan-anh/ho-ga-sut-lun-giua-2-so-nha-56-va-58-duong-nguyen-hue-a216957.html
Hue,hue_feedback,26,Đường kiệt 144/5 Lý Nam Đế xuống cấp trầm trọng,https://tuongtac.hue.gov.vn/phan-anh/duong-kiet-144-5-ly-nam-de-xuong-cap-tram-trong-a216955.html
Hue,hue_feedback,26,Kiến nghị xử lý lỗ hỏng tại 56 Nguyễn Huệ,https://tuongtac.hue.gov.vn/phan-anh/kien-nghi-xu-ly-lo-hong-tai-56-nguyen-hue-a216927.html
Hue,hue_feedback,26,Kiến nghị xem xét việc cấm đậu đỗ tại ngã tư Ngô Quyền đến đường Lê Lợi2,https://tuongtac.hue.gov.vn/phan-anh/kien-nghi-xem-xet-viec-cam-dau-do-tai-nga-tu-ngo-quyen-den-duong-le-loi-a216925.html
Hue,hue_feedback,27,Nắp cống hư hỏng trước mặt shop hoa tươi Tâm Phan,https://tuongtac.hue.gov.vn/phan-anh/nap-cong-hu-hong-truoc-mat-shop-hoa-tuoi-tam-phan-a216899.html
Hue,hue_feedback,27,Kiến nghị làm phẳng mặt đường ở phía Bắc cầu Chợ Dinh1,https://tuongtac.hue.gov.vn/phan-anh/kien-nghi-lam-phang-mat-duong-o-phia-bac-cau-cho-dinh-a216890.html
Hue,hue_feedback,27,Kiến nghị làm phẳng mặt đường ở ngã ba Hồ Quý Ly - Nguyễn Gia Thiều1,https://tuongtac.hue.gov.vn/phan-anh/kien-nghi-lam-phang-mat-duong-o-nga-ba-ho-quy-ly---nguyen-gia-thieu-a216888.html
Hue,hue_feedback,27,Đường kiệt 317 Bùi Thị Xuân xuống cấp trầm trọng,https://tuongtac.hue.gov.vn/phan-anh/duong-kiet-317-bui-thi-xuan-xuong-cap-tram-trong-a216884.html
Hue,hue_feedback,27,Kiến nghị sửa chữa nắp cống tại 40 Mai Lượng,https://tuongtac.hue.gov.vn/phan-anh/kien-nghi-sua-chua-nap-cong-tai-40-mai-luong-a216866.html
Hue,hue_feedback,27,Kiểm tra xe tải quá khổ lưu thông gây mất an toàn và hư hỏng đường tại đường Nguyễn Đình Thọ,https://tuongtac.hue.gov.vn/phan-anh/kiem-tra-xe-tai-qua-kho-luu-thong-gay-mat-an-toan-va-hu-hong-duong-tai-duong-nguyen-dinh-tho-a216864.html
Hue,hue_feedback,27,Đường hư hỏng tại đường 19/5 phường Kim Trà,https://tuongtac.hue.gov.vn/phan-anh/duong-hu-hong-tai-duong-19-5-phuong-kim-tra-a216853.html
Hue,hue_feedback,27,Đèn có gắn camera giám sát tại đường Nguyễn Phúc Nguyên giao nhau với đường Sư Vạn Hạnh làm chói mắt3,https://tuongtac.hue.gov.vn/phan-anh/den-co-gan-camera-giam-sat-tai-duong-nguyen-phuc-nguyen-giao-nhau-voi-duong-su-van-hanh-lam-choi-mat-a216806.html
Hue,hue_feedback,27,Kiến nghị nâng cấp mở rộng đường Nguyễn Khoa Chiêm,https://tuongtac.hue.gov.vn/phan-anh/kien-nghi-nang-cap-mo-rong-duong-nguyen-khoa-chiem-a216768.html
Hue,hue_feedback,27,Tình trạng xe tải chạy làm hư hỏng đường và gây bụi tại đường Trần Hạo Tiềm,https://tuongtac.hue.gov.vn/phan-anh/tinh-trang-xe-tai-chay-lam-hu-hong-duong-va-gay-bui-tai-duong-tran-hao-tiem-a216766.html
Hue,hue_feedback,27,Mương thoát nước không có nắp tại 21 Kiệt 8 Lý Nam Đế,https://tuongtac.hue.gov.vn/phan-anh/muong-thoat-nuoc-khong-co-nap-tai-21-kiet-8-ly-nam-de-a216664.html
Hue,hue_feedback,27,Kiến nghị bê tông hóa đường tại kiệt 85 Hồ Đắc Di,https://tuongtac.hue.gov.vn/phan-anh/kien-nghi-be-tong-hoa-duong-tai-kiet-85-ho-dac-di-a216648.html
Hue,hue_feedback,27,"Kiến nghị thay đổi biển báo cấm tải 2,5T tại đường Nguyễn Phúc Thụ",https://tuongtac.hue.gov.vn/phan-anh/kien-nghi-thay-doi-bien-bao-cam-tai-25t-tai-duong-nguyen-phuc-thu-a216647.html
Hue,hue_feedback,28,Cột điện tại 63 đường Tạ Hiện có dấu hiệu rò điện,https://tuongtac.hue.gov.vn/phan-anh/cot-dien-tai-63-duong-ta-hien-co-dau-hieu-ro-dien-a216637.html
Hue,hue_feedback,28,Dây điện bị rớt gây nguy hiểm tại số 5 Đinh Lễ,https://tuongtac.hue.gov.vn/phan-anh/day-dien-bi-rot-gay-nguy-hiem-tai-so-5-dinh-le-a216622.html
Hue,hue_feedback,28,"Trụ điện bị nghiêng gây nguy hiểm tại TDP Lãnh Thuỷ 1, phường Phong Quảng",https://tuongtac.hue.gov.vn/phan-anh/tru-dien-bi-nghieng-gay-nguy-hiem-tai-tdp-lanh-thuy-1-phuong-phong-quang-a216621.html
Hue,hue_feedback,28,"Cầu Thảo Long xuống cấp, xuất hiện nhiều ổ gà",https://tuongtac.hue.gov.vn/phan-anh/cau-thao-long-xuong-cap-xuat-hien-nhieu-o-ga-a216589.html
Hue,hue_feedback,28,Kiến nghị lắp bảng tên kiệt tại kiệt 8 Lý Nam Đế,https://tuongtac.hue.gov.vn/phan-anh/kien-nghi-lap-bang-ten-kiet-tai-kiet-8-ly-nam-de-a216574.html
Hue,hue_feedback,28,Kiến nghị sửa chữa đường Tôn Thất Bách,https://tuongtac.hue.gov.vn/phan-anh/kien-nghi-sua-chua-duong-ton-that-bach-a216572.html
Hue,hue_feedback,28,Kiến nghị sửa chữa vỉa hè tại đường Đào Trinh Nhất,https://tuongtac.hue.gov.vn/phan-anh/kien-nghi-sua-chua-via-he-tai-duong-dao-trinh-nhat-a216530.html
Hue,hue_feedback,28,Kiến nghị có phương án xử lý tại nút giao Lý Tự Trọng - Tố Hữu,https://tuongtac.hue.gov.vn/phan-anh/kien-nghi-co-phuong-an-xu-ly-tai-nut-giao-ly-tu-trong---to-huu-a216525.html
Hue,hue_feedback,28,"Kiến nghị xử lý dây điện, dây viễn thông tại Lô D23 - TDP Chiết Bi",https://tuongtac.hue.gov.vn/phan-anh/kien-nghi-xu-ly-day-dien-day-vien-thong-tai-lo-d23---tdp-chiet-bi-a216518.html
Hue,hue_feedback,28,Kiến nghị xem xét lại việc lắp đặt vòng xuyến tại tuyến đường Âu Lạc,https://tuongtac.hue.gov.vn/phan-anh/kien-nghi-xem-xet-lai-viec-lap-dat-vong-xuyen-tai-tuyen-duong-au-lac-a216465.html
Hue,hue_feedback,28,Kiến nghị di dời dây điện tại 70 Nguyễn Hữu Dật,https://tuongtac.hue.gov.vn/phan-anh/kien-nghi-di-doi-day-dien-tai-70-nguyen-huu-dat-a216459.html
Hue,hue_feedback,28,Kiến nghị mở đường đường liên thôn tại thôn Đông An1,https://tuongtac.hue.gov.vn/phan-anh/kien-nghi-mo-duong-duong-lien-thon-tai-thon-dong-an-a216456.html
Hue,hue_feedback,28,Sơn kẻ lại vạch kẻ đường tại giao lộ Tố Hữu - Lê Quang Đạo - Lý Tự Trọng,https://tuongtac.hue.gov.vn/phan-anh/son-ke-lai-vach-ke-duong-tai-giao-lo-to-huu---le-quang-dao---ly-tu-trong-a216422.html
Hue,hue_feedback,29,Vỉa hè bị sụt lún trước 382 Lê Duẩn,https://tuongtac.hue.gov.vn/phan-anh/via-he-bi-sut-lun-truoc-382-le-duan-a216410.html
Hue,hue_feedback,29,Cống tắc nghẹt tại 17 Trương Thiều,https://tuongtac.hue.gov.vn/phan-anh/cong-tac-nghet-tai-17-truong-thieu-a216402.html
Hue,hue_feedback,29,Kiến nghị sửa chữa nắp cống tại 30 Tam Thai,https://tuongtac.hue.gov.vn/phan-anh/kien-nghi-sua-chua-nap-cong-tai-30-tam-thai-a216380.html
Hue,hue_feedback,29,Kiến nghị sửa chữa đường tại 627 Lạc Long Quân,https://tuongtac.hue.gov.vn/phan-anh/kien-nghi-sua-chua-duong-tai-627-lac-long-quan-a216373.html
Hue,hue_feedback,29,Kiến nghị nâng cấp đường Đại Nam (Kiệt Thiền đường Huệ Quang)3,https://tuongtac.hue.gov.vn/phan-anh/kien-nghi-nang-cap-duong-dai-nam-kiet-thien-duong-hue-quang-a216329.html
Hue,hue_feedback,29,Đề nghị đốn hạ cây phượng trước nhà 582 Lê Duẩn,https://tuongtac.hue.gov.vn/phan-anh/de-nghi-don-ha-cay-phuong-truoc-nha-582-le-duan-a216323.html
Hue,hue_feedback,29,Đèn tín hiệu giao thông bị lỗi tại tại ngã 4 Võ Nguyên Giáp - Hoàng Quốc Việt,https://tuongtac.hue.gov.vn/phan-anh/den-tin-hieu-giao-thong-bi-loi-tai-tai-nga-4-vo-nguyen-giap---hoang-quoc-viet-a216296.html
Hue,hue_feedback,29,"Cột mạng VNPT bị gãy tại đội 1, thôn Nghĩa Lập",https://tuongtac.hue.gov.vn/phan-anh/cot-mang-vnpt-bi-gay-tai-doi-1-thon-nghia-lap-a169710.html
Hue,hue_feedback,29,Di dời cột viễn thông tại 32/33 An Dương Vương,https://tuongtac.hue.gov.vn/phan-anh/di-doi-cot-vien-thong-tai-32-33-an-duong-vuong-a157876.html
Hue,hue_feedback,29,Dây điện và dây mạng sà vào mái tôn tại 12/61 Lê Thanh Nghị,https://tuongtac.hue.gov.vn/phan-anh/day-dien-va-day-mang-sa-vao-mai-ton-tai-12-61-le-thanh-nghi-a216243.html
Hue,hue_feedback,29,Cột biển báo giao thông hư hỏng tại 87 Đặng Huy Trứ,https://tuongtac.hue.gov.vn/phan-anh/cot-bien-bao-giao-thong-hu-hong-tai-87-dang-huy-tru-a216216.html
Hue,hue_feedback,29,Kiến nghị cắt tỉa cây tại Kiệt 59/7 Nguyễn Hữu Dật,https://tuongtac.hue.gov.vn/phan-anh/kien-nghi-cat-tia-cay-tai-kiet-59-7-nguyen-huu-dat-a216212.html
Hue,hue_feedback,29,Thanh sắt chìa ra ở cột điện tại địa chỉ 67 Phạm Văn Đồng,https://tuongtac.hue.gov.vn/phan-anh/thanh-sat-chia-ra-o-cot-dien-tai-dia-chi-67-pham-van-dong-a216202.html
Hue,hue_feedback,30,Cây khô nằm chắn đường gây nguy hiểm tại ngã ba đình làng An Truyền,https://tuongtac.hue.gov.vn/phan-anh/cay-kho-nam-chan-duong-gay-nguy-hiem-tai-nga-ba-dinh-lang-an-truyen-a216062.html
Hue,hue_feedback,30,"Dây điện, viễn thông sà xuống mặt đường tại 321 Bùi Thị Xuân",https://tuongtac.hue.gov.vn/phan-anh/day-dien-vien-thong-sa-xuong-mat-duong-tai-321-bui-thi-xuan-a216061.html
Hue,hue_feedback,30,Trụ điện cạnh nhà 269 Chi Lăng bị sự cố,https://tuongtac.hue.gov.vn/phan-anh/tru-dien-canh-nha-269-chi-lang-bi-su-co-a215978.html
Hue,hue_feedback,30,"Kiểm tra điện sinh hoạt tại Thôn Trung Chánh, Xã Lộc An",https://tuongtac.hue.gov.vn/phan-anh/kiem-tra-dien-sinh-hoat-tai-thon-trung-chanh-xa-loc-an-a215975.html
Hue,hue_feedback,30,Hộp điện (viễn thông) bị bung nắp tại kiệt 57 Bao Vinh,https://tuongtac.hue.gov.vn/phan-anh/hop-dien-vien-thong-bi-bung-nap-tai-kiet-57-bao-vinh-a215963.html
Hue,hue_feedback,30,Đèn tín hiệu giao thông bị lỗi tại nút giao Võ Chí Công- An Dương Vương,https://tuongtac.hue.gov.vn/phan-anh/den-tin-hieu-giao-thong-bi-loi-tai-nut-giao-vo-chi-cong--an-duong-vuong-a215957.html
Hue,hue_feedback,30,"Kiến nghị cắt tỉa cây xanh che khuất cổng xóm 6, thôn Khuông Phò Đông",https://tuongtac.hue.gov.vn/phan-anh/kien-nghi-cat-tia-cay-xanh-che-khuat-cong-xom-6-thon-khuong-pho-dong-a215849.html
Hue,hue_feedback,30,Kiến nghị xử lý dây điện tại Kiệt 11 thôn Vĩnh Lương Khê,https://tuongtac.hue.gov.vn/phan-anh/kien-nghi-xu-ly-day-dien-tai-kiet-11-thon-vinh-luong-khe-a215846.html
Hue,hue_feedback,30,Kiến nghị khắc phục đèn THGT tại nút giao An Dương Vương - Hồ Đắc Di,https://tuongtac.hue.gov.vn/phan-anh/kien-nghi-khac-phuc-den-thgt-tai-nut-giao-an-duong-vuong---ho-dac-di-a215843.html
Hue,hue_feedback,30,Kiến nghị điều chỉnh lại hệ thống đèn đỏ khu vực Lê Duẩn,https://tuongtac.hue.gov.vn/phan-anh/kien-nghi-dieu-chinh-lai-he-thong-den-do-khu-vuc-le-duan-a215794.html
Hue,hue_feedback,30,Dây mạng đường số 22 Trường Thi sà xuống đường,https://tuongtac.hue.gov.vn/phan-anh/day-mang-duong-so-22-truong-thi-sa-xuong-duong-a215726.html
Hue,hue_feedback,30,Đẩy nhanh thi công tại đường Đông Du,https://tuongtac.hue.gov.vn/phan-anh/day-nhanh-thi-cong-tai-duong-dong-du-a215722.html
Hue,hue_feedback,30,Kiến nghị sửa chữa các mối nối cầu Thanh Hà,https://tuongtac.hue.gov.vn/phan-anh/kien-nghi-sua-chua-cac-moi-noi-cau-thanh-ha-a215717.html
Hue,hue_feedback,31,Dây cáp viễn thông sà thấp gây nguy hiểm tại 29 Tôn Thất Tùng,https://tuongtac.hue.gov.vn/phan-anh/day-cap-vien-thong-sa-thap-gay-nguy-hiem-tai-29-ton-that-tung-a215702.html
Hue,hue_feedback,31,Lắp thêm biển cấm đỗ xe tại kiệt 4 Thanh Hải1,https://tuongtac.hue.gov.vn/phan-anh/lap-them-bien-cam-do-xe-tai-kiet-4-thanh-hai-a215654.html
Hue,hue_feedback,31,Sập miệng cống thoát nước tại 268 Lý Thánh Tông,https://tuongtac.hue.gov.vn/phan-anh/sap-mieng-cong-thoat-nuoc-tai-268-ly-thanh-tong-a215634.html
Hue,hue_feedback,31,Nắp cống đầu kiệt 4 Nguyễn Phúc Nguyên bị sập,https://tuongtac.hue.gov.vn/phan-anh/nap-cong-dau-kiet-4-nguyen-phuc-nguyen-bi-sap-a215604.html
Hue,hue_feedback,31,Kiến nghị di dời cột điện tại 22/54 Lê Ngô Cát,https://tuongtac.hue.gov.vn/phan-anh/kien-nghi-di-doi-cot-dien-tai-22-54-le-ngo-cat-a215591.html
Hue,hue_feedback,31,Kiến nghị bổ sung biển báo cấm quay đầu xe ô tô trước chợ Phò Trạch,https://tuongtac.hue.gov.vn/phan-anh/kien-nghi-bo-sung-bien-bao-cam-quay-dau-xe-o-to-truoc-cho-pho-trach-a215553.html
Hue,hue_feedback,31,Kiến nghị sửa chữa đường tại kiệt 88 Nguyễn Khoa Chiêm,https://tuongtac.hue.gov.vn/phan-anh/kien-nghi-sua-chua-duong-tai-kiet-88-nguyen-khoa-chiem-a215546.html
Hue,hue_feedback,31,Kiến nghị sửa chữa đường tại 20 Văn Cao,https://tuongtac.hue.gov.vn/phan-anh/kien-nghi-sua-chua-duong-tai-20-van-cao-a215537.html
Hue,hue_feedback,31,Kiến nghị cắt tỉa cây xanh tại khu vực cầu vượt Thuỷ Dương,https://tuongtac.hue.gov.vn/phan-anh/kien-nghi-cat-tia-cay-xanh-tai-khu-vuc-cau-vuot-thuy-duong-a215507.html
Hue,hue_feedback,31,Kiến nghị đẩy nhanh thi công tại ngõ 1 kiệt 3 đường Lý Nam Đế,https://tuongtac.hue.gov.vn/phan-anh/kien-nghi-day-nhanh-thi-cong-tai-ngo-1-kiet-3-duong-ly-nam-de-a215457.html
Hue,hue_feedback,31,"Cột phát sóng gây nguy hiểm tại xóm 10, La Vân Hạ",https://tuongtac.hue.gov.vn/phan-anh/cot-phat-song-gay-nguy-hiem-tai-xom-10-la-van-ha-a215434.html
Hue,hue_feedback,31,Kiến nghị hoàn trả mặt bằng tại 44A Nguyễn Văn Chính,https://tuongtac.hue.gov.vn/phan-anh/kien-nghi-hoan-tra-mat-bang-tai-44a-nguyen-van-chinh-a215433.html
Hue,hue_feedback,31,Kiến nghị điều chỉnh hoạt động đèn giao thông tại nút giao Bắc Cầu Dã Viên1,https://tuongtac.hue.gov.vn/phan-anh/kien-nghi-dieu-chinh-hoat-dong-den-giao-thong-tai-nut-giao-bac-cau-da-vien-a215431.html
Hue,hue_feedback,32,Hệ thống tín hiệu giao thông tại nút giao ngã ba La Sơn không hoạt động,https://tuongtac.hue.gov.vn/phan-anh/he-thong-tin-hieu-giao-thong-tai-nut-giao-nga-ba-la-son-khong-hoat-dong-a215430.html
Hue,hue_feedback,32,Kiểm tra hố gia bị hư hỏng tại đầu đường Lê Hồng Phong và Đống Đa,https://tuongtac.hue.gov.vn/phan-anh/kiem-tra-ho-gia-bi-hu-hong-tai-dau-duong-le-hong-phong-va-dong-da-a215413.html
Hue,hue_feedback,32,Đèn giao thông ngã tư Lâm Hoằng và Phạm Văn Đồng bị tắt,https://tuongtac.hue.gov.vn/phan-anh/den-giao-thong-nga-tu-lam-hoang-va-pham-van-dong-bi-tat-a215382.html
Hue,hue_feedback,32,Kiến nghị đẩy nhanh tiến độ lát gạch vỉa hè ở đường Huỳnh Thúc Kháng1,https://tuongtac.hue.gov.vn/phan-anh/kien-nghi-day-nhanh-tien-do-lat-gach-via-he-o-duong-huynh-thuc-khang-a215377.html
Hue,hue_feedback,32,Bó vỉa hè ở đối diện số 103 Nguyễn Tất Thành bị hỏng,https://tuongtac.hue.gov.vn/phan-anh/bo-via-he-o-doi-dien-so-103-nguyen-tat-thanh-bi-hong-a215376.html
Hue,hue_feedback,32,"Nắp cống bị bể tại Xóm Đá, La Chữ Nam",https://tuongtac.hue.gov.vn/phan-anh/nap-cong-bi-be-tai-xom-da-la-chu-nam-a215375.html
Hue,hue_feedback,32,Cây bụi đỗ ra đường gây cản trở an toàn giao thông tại thôn Lương Viện,https://tuongtac.hue.gov.vn/phan-anh/cay-bui-do-ra-duong-gay-can-tro-an-toan-giao-thong-tai-thon-luong-vien-a215361.html
Hue,hue_feedback,32,Đề nghị lắp lại bảng tên đường Đại Giang bị gãy,https://tuongtac.hue.gov.vn/phan-anh/de-nghi-lap-lai-bang-ten-duong-dai-giang-bi-gay-a215358.html
Hue,hue_feedback,32,Đèn giao thông tại giao lộ Võ Chí Công - Nguyễn Tất Thành hư bộ đếm giây,https://tuongtac.hue.gov.vn/phan-anh/den-giao-thong-tai-giao-lo-vo-chi-cong---nguyen-tat-thanh-hu-bo-dem-giay-a215354.html
Hue,hue_feedback,32,Hộp điện bị hỏng tại xóm 2 Trường Thi,https://tuongtac.hue.gov.vn/phan-anh/hop-dien-bi-hong-tai-xom-2-truong-thi-a215350.html
Hue,hue_feedback,32,Biển báo phai màu và không có đèn đường tại 76 Lý Thái Tổ,https://tuongtac.hue.gov.vn/phan-anh/bien-bao-phai-mau-va-khong-co-den-duong-tai-76-ly-thai-to-a215319.html
Hue,hue_feedback,32,Kiến nghị lắp đặt biển cấm đỗ xe một chiều tại đường Đỗ Xuân Hợp,https://tuongtac.hue.gov.vn/phan-anh/kien-nghi-lap-dat-bien-cam-do-xe-mot-chieu-tai-duong-do-xuan-hop-a215294.html
Hue,hue_feedback,32,Đề nghị lắp hố ga tại 12 Phạm Văn Đồng,https://tuongtac.hue.gov.vn/phan-anh/de-nghi-lap-ho-ga-tai-12-pham-van-dong-a215285.html
Hue,hue_feedback,33,Kiến nghị hoàn thiện cống thoát nước tại trước mặt Trường Tiểu học số 1 Quảng Thành,https://tuongtac.hue.gov.vn/phan-anh/kien-nghi-hoan-thien-cong-thoat-nuoc-tai-truoc-mat-truong-tieu-hoc-so-1-quang-thanh-a215274.html
Hue,hue_feedback,33,Nắp cống hư hỏng đoạn giao giữa Đống Đa và Lê Hồng Phong,https://tuongtac.hue.gov.vn/phan-anh/nap-cong-hu-hong-doan-giao-giua-dong-da-va-le-hong-phong-a215259.html
Hue,hue_feedback,33,Dây điện sà thấp gây nguy hiểm tại công viên đường Lê Hồng Phong,https://tuongtac.hue.gov.vn/phan-anh/day-dien-sa-thap-gay-nguy-hiem-tai-cong-vien-duong-le-hong-phong-a215224.html
Hue,hue_feedback,33,Kiến nghị bê tông hóa tuyến đường kiệt 199 Cao Văn Khánh,https://tuongtac.hue.gov.vn/phan-anh/kien-nghi-be-tong-hoa-tuyen-duong-kiet-199-cao-van-khanh-a215223.html
Hue,hue_feedback,33,Hộp điện mất nắp và thấp gây nguy hiểm tại kiệt 2 Trường Thi,https://tuongtac.hue.gov.vn/phan-anh/hop-dien-mat-nap-va-thap-gay-nguy-hiem-tai-kiet-2-truong-thi-a215222.html
Hue,hue_feedback,33,Kiến nghị sửa chữa đường tại 358 Bạch Đằng,https://tuongtac.hue.gov.vn/phan-anh/kien-nghi-sua-chua-duong-tai-358-bach-dang-a215221.html
Hue,hue_feedback,33,Kiến nghị kiểm tra cây bằng lăng tại nhà 105 Thánh Gióng,https://tuongtac.hue.gov.vn/phan-anh/kien-nghi-kiem-tra-cay-bang-lang-tai-nha-105-thanh-giong-a215209.html
Hue,hue_feedback,33,Đèn tín hiệu giao thông hư hỏng tại Xã A Lưới 2,https://tuongtac.hue.gov.vn/phan-anh/den-tin-hieu-giao-thong-hu-hong-tai-xa-a-luoi-2-a215208.html
Hue,hue_feedback,33,Cờ cắm tại cầu An Ninh hạ gió bay gây nguy hiểm khi di chuyển,https://tuongtac.hue.gov.vn/phan-anh/co-cam-tai-cau-an-ninh-ha-gio-bay-gay-nguy-hiem-khi-di-chuyen-a215192.html
Hue,hue_feedback,33,Lề đường hư hỏng đầu kiệt 119 Hùng Vương,https://tuongtac.hue.gov.vn/phan-anh/le-duong-hu-hong-dau-kiet-119-hung-vuong-a215184.html
Hue,hue_feedback,33,Kéo điện không an toàn trước quảng trường Time Square,https://tuongtac.hue.gov.vn/phan-anh/keo-dien-khong-an-toan-truoc-quang-truong-time-square-a215161.html
Hue,hue_feedback,33,Cột điện quá tải sắp gãy ngay đầu Kiệt 4 đường Nguyễn Cư Trinh,https://tuongtac.hue.gov.vn/phan-anh/cot-dien-qua-tai-sap-gay-ngay-dau-kiet-4-duong-nguyen-cu-trinh-a215132.html
Hue,hue_feedback,33,Cây cối mọc che khuất qua cầu sắt nối đường Trần Trung Lập và đường ĐT11B,https://tuongtac.hue.gov.vn/phan-anh/cay-coi-moc-che-khuat-qua-cau-sat-noi-duong-tran-trung-lap-va-duong-dt11b-a215130.html
Hue,hue_feedback,34,Kiến nghị sửa chữa đường tại đường Võ Văn Kiệt,https://tuongtac.hue.gov.vn/phan-anh/kien-nghi-sua-chua-duong-tai-duong-vo-van-kiet-a215113.html
Hue,hue_feedback,34,Thắc mắc về dự án giải toả thi công đường vào chợ Kim Long (lần 2),https://tuongtac.hue.gov.vn/phan-anh/thac-mac-ve-du-an-giai-toa-thi-cong-duong-vao-cho-kim-long-lan-2-a215089.html
Hue,hue_feedback,34,Nắp cống trước nhà 30 đường Tam Thai bị hỏng,https://tuongtac.hue.gov.vn/phan-anh/nap-cong-truoc-nha-30-duong-tam-thai-bi-hong-a215087.html
Hue,hue_feedback,34,Hố ga nằm dưới lòng đường tại ngã tư Đống Đa - Lê Hồng Phong bị sập,https://tuongtac.hue.gov.vn/phan-anh/ho-ga-nam-duoi-long-duong-tai-nga-tu-dong-da---le-hong-phong-bi-sap-a215078.html
Hue,hue_feedback,34,Kiến nghị sửa chữa mương nước tại đường Nguyễn Vịnh,https://tuongtac.hue.gov.vn/phan-anh/kien-nghi-sua-chua-muong-nuoc-tai-duong-nguyen-vinh-a215064.html
Hue,hue_feedback,34,Kiến nghị sửa chữa đường Xuân Tùy,https://tuongtac.hue.gov.vn/phan-anh/kien-nghi-sua-chua-duong-xuan-tuy-a215025.html
Hue,hue_feedback,34,Kiến nghị làm cột và bảng tên đường Tôn Thất Cảnh,https://tuongtac.hue.gov.vn/phan-anh/kien-nghi-lam-cot-va-bang-ten-duong-ton-that-canh-a215015.html
Hue,hue_feedback,34,Kiến nghị tỉa cây tại kiệt 121 Tôn Quang Phiệt,https://tuongtac.hue.gov.vn/phan-anh/kien-nghi-tia-cay-tai-kiet-121-ton-quang-phiet-a215007.html
Hue,hue_feedback,34,Đổ xà bần gây cản trở giao thông và kiến nghị nâng cấp đường tại cuối đường Thân Trọng Di rẽ phải,https://tuongtac.hue.gov.vn/phan-anh/do-xa-ban-gay-can-tro-giao-thong-va-kien-nghi-nang-cap-duong-tai-cuoi-duong-than-trong-di-re-phai-a215004.html
Hue,hue_feedback,34,Kiến nghị bật đèn tín hiệu giao thông tại ngã ba La Sơn,https://tuongtac.hue.gov.vn/phan-anh/kien-nghi-bat-den-tin-hieu-giao-thong-tai-nga-ba-la-son-a214987.html
Hue,hue_feedback,34,Bất cập trong phân làn giao thông tại cầu Dã Viên,https://tuongtac.hue.gov.vn/phan-anh/bat-cap-trong-phan-lan-giao-thong-tai-cau-da-vien-a214979.html
Hue,hue_feedback,34,Kiểm tra đường ứ đọng nước và sửa chữa đường tại trước kiệt 299 Đặng Tất,https://tuongtac.hue.gov.vn/phan-anh/kiem-tra-duong-u-dong-nuoc-va-sua-chua-duong-tai-truoc-kiet-299-dang-tat-a214978.html
Hue,hue_feedback,34,Nắp cống thoát nước gây ồn tại 14-44 Bảo Quốc1,https://tuongtac.hue.gov.vn/phan-anh/nap-cong-thoat-nuoc-gay-on-tai-14-44-bao-quoc-a214971.html
Hue,hue_feedback,35,Dây viễn thông sà thấp tại 14 đến 16 Ngự Bình,https://tuongtac.hue.gov.vn/phan-anh/day-vien-thong-sa-thap-tai-14-den-16-ngu-binh-a214968.html
Hue,hue_feedback,35,Kiến nghị đậu đỗ xe theo ngày chẵn lẻ tại đường Trần Quốc Toản,https://tuongtac.hue.gov.vn/phan-anh/kien-nghi-dau-do-xe-theo-ngay-chan-le-tai-duong-tran-quoc-toan-a214952.html
Hue,hue_feedback,35,Nắp cống bị hỏng tại 30 đường Tam Thai,https://tuongtac.hue.gov.vn/phan-anh/nap-cong-bi-hong-tai-30-duong-tam-thai-a214940.html
Hue,hue_feedback,35,"Đèn tín hiệu giao thông không sáng đèn tại ngã 6, giao lộ các đường Lý Thường Kiệt, Hà Nội, Hoàng Hoa Thám",https://tuongtac.hue.gov.vn/phan-anh/den-tin-hieu-giao-thong-khong-sang-den-tai-nga-6-giao-lo-cac-duong-ly-thuong-kiet-ha-noi-hoang-ho-a214922.html
Hue,hue_feedback,35,Kiến nghị xử lý chặt bỏ cây mít tại 18 Bửu Đình,https://tuongtac.hue.gov.vn/phan-anh/kien-nghi-xu-ly-chat-bo-cay-mit-tai-18-buu-dinh-a214913.html
Hue,hue_feedback,35,Hiện trạng sạt lở đất xảy ra nghiêm trọng tại sông Bồ,https://tuongtac.hue.gov.vn/phan-anh/hien-trang-sat-lo-dat-xay-ra-nghiem-trong-tai-song-bo-a214885.html
Hue,hue_feedback,35,"Kiến nghị sửa chữa nắp cống tại xóm Đá, TDP La Chữ Nam",https://tuongtac.hue.gov.vn/phan-anh/kien-nghi-sua-chua-nap-cong-tai-xom-da-tdp-la-chu-nam-a214879.html
Hue,hue_feedback,35,Kiến nghị đẩy nhanh việc hoàn trả mặt đường Nguyễn Hạnh,https://tuongtac.hue.gov.vn/phan-anh/kien-nghi-day-nhanh-viec-hoan-tra-mat-duong-nguyen-hanh-a214870.html
Hue,hue_feedback,35,Kiến nghị kiểm tra việc dừng thi công tại kiệt 3/1 Lý Nam Đế,https://tuongtac.hue.gov.vn/phan-anh/kien-nghi-kiem-tra-viec-dung-thi-cong-tai-kiet-3-1-ly-nam-de-a214864.html
Hue,hue_feedback,35,Kiến nghị xử lý đường TL11B qua TDP Công Thành,https://tuongtac.hue.gov.vn/phan-anh/kien-nghi-xu-ly-duong-tl11b-qua-tdp-cong-thanh-a214821.html
Hue,hue_feedback,35,Dây viễn thông sà thấp và để vật dụng lấn chiếm tại kiệt 24 đường Phùng Hưng,https://tuongtac.hue.gov.vn/phan-anh/day-vien-thong-sa-thap-va-de-vat-dung-lan-chiem-tai-kiet-24-duong-phung-hung-a214804.html
Hue,hue_feedback,35,Đèn tín hiệu giao thông bị hỏng tại ngã 3 An Dương Vương và Hồ Đắc Di,https://tuongtac.hue.gov.vn/phan-anh/den-tin-hieu-giao-thong-bi-hong-tai-nga-3-an-duong-vuong-va-ho-dac-di-a214802.html
Hue,hue_feedback,35,Đầu kiệt 109 Đặng Huy Trứ bị sụt lún,https://tuongtac.hue.gov.vn/phan-anh/dau-kiet-109-dang-huy-tru-bi-sut-lun-a214799.html
Hue,hue_feedback,36,Kiến nghị tỉa bớt cành cây hoa giấy tại ngã 3 kiệt 4A Hoài Thanh,https://tuongtac.hue.gov.vn/phan-anh/kien-nghi-tia-bot-canh-cay-hoa-giay-tai-nga-3-kiet-4a-hoai-thanh-a214798.html
Hue,hue_feedback,36,Kiến nghị dựng lại biển tại 145 Phan Đình Phùng,https://tuongtac.hue.gov.vn/phan-anh/kien-nghi-dung-lai-bien-tai-145-phan-dinh-phung-a214790.html
Hue,hue_feedback,36,Kiến nghị chỉnh trang và vệ sinh môi trường tại 145 Phan Đình Phùng,https://tuongtac.hue.gov.vn/phan-anh/kien-nghi-chinh-trang-va-ve-sinh-moi-truong-tai-145-phan-dinh-phung-a214788.html
Hue,hue_feedback,36,Vỉa hè tại 32 Nguyễn Trãi bị lún gây đọng nước,https://tuongtac.hue.gov.vn/phan-anh/via-he-tai-32-nguyen-trai-bi-lun-gay-dong-nuoc-a214785.html
Hue,hue_feedback,36,Nắp cống nhô cao gây nguy hiểm tại 42 Nguyễn Tri Phương1,https://tuongtac.hue.gov.vn/phan-anh/nap-cong-nho-cao-gay-nguy-hiem-tai-42-nguyen-tri-phuong-a214762.html
Hue,hue_feedback,36,Kiến nghị xử lý đất bồi tại sông An Cựu,https://tuongtac.hue.gov.vn/phan-anh/kien-nghi-xu-ly-dat-boi-tai-song-an-cuu-a214753.html
Hue,hue_feedback,36,Kiểm tra kè sụt lún dọc kênh đoạn qua kiệt 14 đường Tôn Thất Sơn,https://tuongtac.hue.gov.vn/phan-anh/kiem-tra-ke-sut-lun-doc-kenh-doan-qua-kiet-14-duong-ton-that-son-a214731.html
Hue,hue_feedback,36,Cây nghiêng ra đường gây nguy hiểm tại 14 kiệt 42 đường Nguyễn Phúc Tần,https://tuongtac.hue.gov.vn/phan-anh/cay-nghieng-ra-duong-gay-nguy-hiem-tai-14-kiet-42-duong-nguyen-phuc-tan-a214721.html
Hue,hue_feedback,36,Kiểm tra hoạt động đập tràn tại thôn 6 xã Phú Vinh,https://tuongtac.hue.gov.vn/phan-anh/kiem-tra-hoat-dong-dap-tran-tai-thon-6-xa-phu-vinh-a214710.html
Hue,hue_feedback,36,Đường giao thông bị bít lại ở cuối hẻm 12 kiệt 15 Đường Minh Mạng2,https://tuongtac.hue.gov.vn/phan-anh/duong-giao-thong-bi-bit-lai-o-cuoi-hem-12-kiet-15-duong-minh-mang-a214700.html
Hue,hue_feedback,36,Cây xoài nằm trước đường vươn cao vướng vào đường dây điện tại 17 Lại Thế,https://tuongtac.hue.gov.vn/phan-anh/cay-xoai-nam-truoc-duong-vuon-cao-vuong-vao-duong-day-dien-tai-17-lai-the-a214698.html
Hue,hue_feedback,36,Kiệt 122 Lý Thái Tổ thi công chậm,https://tuongtac.hue.gov.vn/phan-anh/kiet-122-ly-thai-to-thi-cong-cham-a214697.html
Hue,hue_feedback,36,"Đường hư hỏng tại cổng thôn Cổ Tháp, xã Đan Điền đến vị trí tiếp giáp TDP Cao Xá, Phường Phong Thái",https://tuongtac.hue.gov.vn/phan-anh/duong-hu-hong-tai-cong-thon-co-thap-xa-dan-dien-den-vi-tri-tiep-giap-tdp-cao-xa-phuong-phong-thai-a214688.html
Hue,hue_feedback,37,Công trình rải nhựa đường gây nguy hiểm tại phường Dương Nổ,https://tuongtac.hue.gov.vn/phan-anh/cong-trinh-rai-nhua-duong-gay-nguy-hiem-tai-phuong-duong-no-a214657.html
Hue,hue_feedback,37,Kiến nghị cắt tỉa cây xanh ở cột điện tại 20 kiệt 317 Bùi Thị Xuân,https://tuongtac.hue.gov.vn/phan-anh/kien-nghi-cat-tia-cay-xanh-o-cot-dien-tai-20-kiet-317-bui-thi-xuan-a214642.html
Hue,hue_feedback,37,Kiến nghị bê tông hóa tuyến đường tại kiệt 39 Phùng Khắc Khoan,https://tuongtac.hue.gov.vn/phan-anh/kien-nghi-be-tong-hoa-tuyen-duong-tai-kiet-39-phung-khac-khoan-a214636.html
Hue,hue_feedback,37,Kiến nghị về hạ tầng đường Đỗ Xuân Hợp nối Sóng Hồng,https://tuongtac.hue.gov.vn/phan-anh/kien-nghi-ve-ha-tang-duong-do-xuan-hop-noi-song-hong-a214626.html
Hue,hue_feedback,37,Kiến nghị kiểm tra vỉa hè tại đường Nguyễn Huệ giao Lê Lợi1,https://tuongtac.hue.gov.vn/phan-anh/kien-nghi-kiem-tra-via-he-tai-duong-nguyen-hue-giao-le-loi-a214625.html
Hue,hue_feedback,37,Đứt dây điện tại 65 Lê Ngô Cát,https://tuongtac.hue.gov.vn/phan-anh/dut-day-dien-tai-65-le-ngo-cat-a214602.html
Hue,hue_feedback,37,Dây điện nằm trên mái nhà người dân tại 666 và 668 Lê Duẩn1,https://tuongtac.hue.gov.vn/phan-anh/day-dien-nam-tren-mai-nha-nguoi-dan-tai-666-va-668-le-duan-a214597.html
Hue,hue_feedback,37,Kiến nghị sớm hoàn thiện đường Sông Bồ,https://tuongtac.hue.gov.vn/phan-anh/kien-nghi-som-hoan-thien-duong-song-bo-a214595.html
Hue,hue_feedback,37,Mặt đường trước số nhà 635 Lạc Long Quân hư hỏng,https://tuongtac.hue.gov.vn/phan-anh/mat-duong-truoc-so-nha-635-lac-long-quan-hu-hong-a214571.html
Hue,hue_feedback,37,Kiến nghị dựng lại bảng tên đường tại đường Hồ Chí Minh - Hồ Huấn Nghiệp,https://tuongtac.hue.gov.vn/phan-anh/kien-nghi-dung-lai-bang-ten-duong-tai-duong-ho-chi-minh---ho-huan-nghiep-a214565.html
Hue,hue_feedback,37,Kiến nghị cải tạo mặt đường tại đường Ngô Đức Kế1,https://tuongtac.hue.gov.vn/phan-anh/kien-nghi-cai-tao-mat-duong-tai-duong-ngo-duc-ke-a214524.html
Hue,hue_feedback,37,Đường hư hỏng nặng nằm giữa nhà văn hoá thôn Hoà Lộc và chợ Bến Ván,https://tuongtac.hue.gov.vn/phan-anh/duong-hu-hong-nang-nam-giua-nha-van-hoa-thon-hoa-loc-va-cho-ben-van-a214519.html
Hue,hue_feedback,37,Mặt đường trước số nhà 654 + 656 Lạc Long Quân hư hỏng,https://tuongtac.hue.gov.vn/phan-anh/mat-duong-truoc-so-nha-654--656-lac-long-quan-hu-hong-a214516.html
Hue,hue_feedback,38,Kiến nghị điều chỉnh lại bảng hạn chế tốc độ tại cầu treo Bình Thành,https://tuongtac.hue.gov.vn/phan-anh/kien-nghi-dieu-chinh-lai-bang-han-che-toc-do-tai-cau-treo-binh-thanh-a214505.html
Hue,hue_feedback,38,Ô trồng cây trước số nhà 155 Nguyễn Trãi bị san lấp,https://tuongtac.hue.gov.vn/phan-anh/o-trong-cay-truoc-so-nha-155-nguyen-trai-bi-san-lap-a214485.html
Hue,hue_feedback,38,Ô trồng cây tại 19 Yết Kiêu bị san lấp,https://tuongtac.hue.gov.vn/phan-anh/o-trong-cay-tai-19-yet-kieu-bi-san-lap-a214484.html
Hue,hue_feedback,38,Kiến nghị xử lý nước cống tràn lên đường tại kiệt 116 Nguyễn Lộ Trạch,https://tuongtac.hue.gov.vn/phan-anh/kien-nghi-xu-ly-nuoc-cong-tran-len-duong-tai-kiet-116-nguyen-lo-trach-a214471.html
Hue,hue_feedback,38,Vạch sơn bị mờ tại nút giao bắc cầu Phú Xuân (lần 2),https://tuongtac.hue.gov.vn/phan-anh/vach-son-bi-mo-tai-nut-giao-bac-cau-phu-xuan-lan-2-a214454.html
Hue,hue_feedback,38,Kiểm tra các ô trồng cây tại đường Mai Thúc Loan,https://tuongtac.hue.gov.vn/phan-anh/kiem-tra-cac-o-trong-cay-tai-duong-mai-thuc-loan-a214447.html
Hue,hue_feedback,38,Cống thoát nước đường kiệt 116 Nguyễn Lộ Trạch bị tắc nghẽn,https://tuongtac.hue.gov.vn/phan-anh/cong-thoat-nuoc-duong-kiet-116-nguyen-lo-trach-bi-tac-nghen-a214446.html
Hue,hue_feedback,38,Kiến nghị kiểm tra cây xanh tại 157 Mai Thúc Loan,https://tuongtac.hue.gov.vn/phan-anh/kien-nghi-kiem-tra-cay-xanh-tai-157-mai-thuc-loan-a214445.html
Hue,hue_feedback,38,Không có nắp cống gần nhà số 2 kiệt 93 An Dương Vương,https://tuongtac.hue.gov.vn/phan-anh/khong-co-nap-cong-gan-nha-so-2-kiet-93-an-duong-vuong-a214438.html
Hue,hue_feedback,38,Đường Nguyễn Viết Xuân bị hư hỏng,https://tuongtac.hue.gov.vn/phan-anh/duong-nguyen-viet-xuan-bi-hu-hong-a214433.html
Hue,hue_feedback,38,Kiến nghị di dời trụ điện tại cuối đường Nguyễn Văn Đào,https://tuongtac.hue.gov.vn/phan-anh/kien-nghi-di-doi-tru-dien-tai-cuoi-duong-nguyen-van-dao-a214426.html
Hue,hue_feedback,38,"Kiến nghị kẻ lại vạch kẻ đường, vạch dừng xe và vạch qua đường tại nút giao thông phía Bắc cầu Phú Xuân",https://tuongtac.hue.gov.vn/phan-anh/kien-nghi-ke-lai-vach-ke-duong-vach-dung-xe-va-vach-qua-duong-tai-nut-giao-thong-phia-bac-cau-phu-x-a214420.html
Hue,hue_feedback,38,Bộ đếm dây của đèn giao thông tại ngã tư Hùng Vương - Lê Lợi,https://tuongtac.hue.gov.vn/phan-anh/bo-dem-day-cua-den-giao-thong-tai-nga-tu-hung-vuong---le-loi-a214419.html
Hue,hue_feedback,39,Phản ánh dây cáp viễn thông võng thấp tại đầu kiệt 28 Trường thi,https://tuongtac.hue.gov.vn/phan-anh/phan-anh-day-cap-vien-thong-vong-thap-tai-dau-kiet-28-truong-thi-a214418.html
Hue,hue_feedback,39,Kiến nghị làm tấn đan để di dời thùng rác vào tại Km841+300,https://tuongtac.hue.gov.vn/phan-anh/kien-nghi-lam-tan-dan-de-di-doi-thung-rac-vao-tai-km841300-a214417.html
Hue,hue_feedback,39,Kiến nghị đẩy nhanh tiến độ thi công tại đường Phạm Văn Đồng,https://tuongtac.hue.gov.vn/phan-anh/kien-nghi-day-nhanh-tien-do-thi-cong-tai-duong-pham-van-dong-a214406.html
Hue,hue_feedback,39,Nắp cống gây tiếng ồn lớn tại 30 Trần Thái Tông,https://tuongtac.hue.gov.vn/phan-anh/nap-cong-gay-tieng-on-lon-tai-30-tran-thai-tong-a214403.html
Hue,hue_feedback,39,Tình trạng mặt đường xuống cấp tuyến đường Nguyễn Đình Tứ,https://tuongtac.hue.gov.vn/phan-anh/tinh-trang-mat-duong-xuong-cap-tuyen-duong-nguyen-dinh-tu-a214393.html
Hue,hue_feedback,39,Dây điện sà thấp gây nguy hiểm tại 8 Bửu Kế,https://tuongtac.hue.gov.vn/phan-anh/day-dien-sa-thap-gay-nguy-hiem-tai-8-buu-ke-a214386.html
